Year,Month,Day,Temperature,Temp Dew Point,Humidity,Wind Direction,Wind Speed,Precipitation,Condition,Location,Serialized Hemisphere
2021,1,2,6.397849462365591,1.3799283154121866,72.19354838709677,NW,19.20829935483871,0.0,Mostly Cloudy,"New York City, NY",3
2021,1,3,3.295019157088122,-0.36398467432950177,77.41379310344827,NE,25.915987862068967,0.006896551724137932,Cloudy,"New York City, NY",3
2021,1,4,4.382716049382714,-0.4115226337448558,71.4074074074074,N,12.755541333333333,0.0,Mostly Cloudy,"New York City, NY",3
2021,1,5,4.650205761316874,-1.8518518518518512,63.148148148148145,N,13.530410666666667,0.0,Cloudy,"New York City, NY",3
2021,1,6,3.866666666666667,-2.933333333333334,62.08,NNW,22.98143232,0.0,Fair,"New York City, NY",3
2021,1,7,2.9545454545454555,-6.035353535353535,52.59090909090909,NW,22.457664,0.0,Fair,"New York City, NY",3
2021,1,8,1.1111111111111112,-6.691919191919193,56.59090909090909,N,17.410176,0.0,Mostly Cloudy,"New York City, NY",3
2021,1,9,0.8080808080808074,-9.242424242424242,47.95454545454545,N,23.628096000000003,0.0,Mostly Cloudy,"New York City, NY",3
2021,1,10,2.3989898989899,-7.020202020202021,50.68181818181818,N,14.703552000000002,0.0,Fair,"New York City, NY",3
2021,1,11,1.262626262626263,-5.6313131313131315,60.77272727272727,CALM,4.38912,0.0,Cloudy,"New York City, NY",3
2021,1,12,4.24242424242424,-4.494949494949495,54.0,NE,11.192256,0.0,Fair,"New York City, NY",3
2021,1,13,4.974747474747474,-4.7727272727272725,50.0,CALM,10.094976,0.0,Cloudy,"New York City, NY",3
2021,1,14,6.818181818181818,-0.6565656565656575,59.72727272727273,ENE,6.803136000000001,0.0,Mostly Cloudy,"New York City, NY",3
2021,1,15,5.833333333333333,2.3765432098765435,78.55555555555556,ENE,21.636736000000003,0.008333333333333335,Cloudy,"New York City, NY",3
2021,1,16,6.634920634920635,2.301587301587303,74.91428571428571,W,22.07100342857143,0.028571428571428567,Mostly Cloudy,"New York City, NY",3
2021,1,17,5.782828282828281,-4.7727272727272725,47.54545454545455,W,25.091136000000002,0.0,Mostly Cloudy,"New York City, NY",3
2021,1,18,6.111111111111111,-3.636363636363637,50.18181818181818,WNW,21.140928000000002,0.0,Partly Cloudy,"New York City, NY",3
2021,1,19,4.595959595959596,-5.833333333333333,47.68181818181818,W,24.286464000000002,0.0,Mostly Cloudy,"New York City, NY",3
2021,1,20,2.4801587301587307,-6.666666666666667,53.357142857142854,NW,19.59951085714286,0.0,Mostly Cloudy,"New York City, NY",3
2021,1,21,2.525252525252526,-8.35858585858586,45.36363636363637,SW,13.021056000000002,0.0,Fair,"New York City, NY",3
2021,1,22,6.262626262626263,-6.313131313131312,41.0,W,25.530048,0.0,Mostly Cloudy,"New York City, NY",3
2021,1,23,-0.2525252525252518,-12.6010101010101,39.77272727272727,NW,34.161984000000004,0.0,Fair / Windy,"New York City, NY",3
2021,1,24,-1.4975845410628017,-13.743961352657005,40.17391304347826,NW,27.988591304347825,0.0,Mostly Cloudy,"New York City, NY",3
2021,1,25,0.2525252525252518,-11.38888888888889,42.36363636363637,NW,13.679424000000001,0.0,Mostly Cloudy,"New York City, NY",3
2021,1,26,1.3468013468013456,-3.8383838383838387,70.54545454545455,ENE,19.26336,0.0,Cloudy,"New York City, NY",3
2021,1,27,2.435897435897437,-3.290598290598291,67.34615384615384,NNW,17.57898830769231,0.0,Cloudy,"New York City, NY",3
2021,1,28,-0.8333333333333334,-11.186868686868687,46.59090909090909,NNW,32.040576,0.0,Fair / Windy,"New York City, NY",3
2021,1,29,-5.2272727272727275,-15.606060606060604,44.86363636363637,NW,38.990016000000004,0.0,Fair / Windy,"New York City, NY",3
2021,1,30,-3.1818181818181817,-14.368686868686869,43.59090909090909,NW,22.238208,0.0,Fair,"New York City, NY",3
2021,1,31,2.4801587301587307,-6.666666666666667,53.357142857142854,NW,19.59951085714286,0.0,Mostly Cloudy,"New York City, NY",3
2021,2,1,-0.6734006734006728,-2.4074074074074066,88.15151515151516,NE,42.233088,0.02121212121212121,Light Snow / Windy,"New York City, NY",3
2021,2,2,0.26819923371647686,-2.758620689655172,80.44827586206897,N,27.96928882758621,0.0,Light Snow,"New York City, NY",3
2021,2,3,0.8564814814814802,-5.324074074074073,64.29166666666667,NW,22.329648000000002,0.0,Light Snow,"New York City, NY",3
2021,2,4,3.3333333333333335,-6.186868686868688,50.40909090909091,NW,18.214848,0.0,Fair,"New York City, NY",3
2021,2,5,5.68888888888889,-1.1555555555555546,62.4,SSW,15.127833600000002,0.004,Mostly Cloudy,"New York City, NY",3
2021,2,6,4.67171717171717,-9.57070707070707,35.90909090909091,W,21.726144,0.0,Mostly Cloudy,"New York City, NY",3
2021,2,7,0.740740740740742,-2.5154320987654324,79.86111111111111,NNE,18.77568,0.02222222222222222,Light Snow,"New York City, NY",3
2021,2,8,-3.762626262626263,-13.686868686868687,47.40909090909091,NNW,16.386048000000002,0.0,Fair,"New York City, NY",3
2021,2,9,-0.6746031746031752,-4.523809523809523,75.5,NE,14.714002285714287,0.0,Cloudy,"New York City, NY",3
2021,2,10,-0.6150793650793653,-8.591269841269842,56.892857142857146,N,11.322884571428572,0.0,Cloudy,"New York City, NY",3
2021,2,11,-1.7320261437908495,-7.07516339869281,68.91176470588235,N,13.253421176470587,0.0,Cloudy,"New York City, NY",3
2021,2,12,-2.9292929292929295,-15.707070707070708,38.77272727272727,NNE,11.411712000000001,0.0,Cloudy,"New York City, NY",3
2021,2,13,-1.8803418803418797,-12.884615384615385,43.73076923076923,NE,17.517090461538462,0.0,Cloudy,"New York City, NY",3
2021,2,14,0.31481481481481666,-4.574074074074074,70.43333333333334,N,11.587276800000001,0.0,Cloudy,"New York City, NY",3
2021,2,15,0.9555555555555549,-2.066666666666666,81.08,ENE,12.61725696,0.0,Light Drizzle,"New York City, NY",3
2021,2,16,4.737654320987655,1.0339506172839523,79.58333333333333,ENE,17.43456,0.041666666666666664,Light Rain,"New York City, NY",3
2021,2,17,-1.3888888888888888,-13.93939393939394,39.36363636363637,NW,18.434304,0.0,Mostly Cloudy,"New York City, NY",3
2021,2,18,-2.5438596491228065,-6.900584795321638,74.71052631578948,NE,21.090876631578947,0.007894736842105265,Light Snow,"New York City, NY",3
2021,2,19,-0.28490028490028585,-2.792022792022792,83.17948717948718,NE,18.899475692307693,0.0,Light Snow,"New York City, NY",3
2021,2,20,0.1449275362318837,-8.019323671497585,55.608695652173914,NW,24.559988869565217,0.0,Mostly Cloudy,"New York City, NY",3
2021,2,21,-0.02525252525252597,-10.353535353535355,47.59090909090909,WNW,16.09344,0.0,Fair,"New York City, NY",3
2021,2,22,2.037037037037036,-2.2895622895622894,74.9090909090909,SSW,16.727424000000003,0.0303030303030303,Cloudy,"New York City, NY",3
2021,2,23,5.300925925925925,-1.9675925925925932,60.041666666666664,W,21.055584000000003,0.0,Cloudy,"New York City, NY",3
2021,2,24,8.429951690821254,-1.5942028985507248,50.08695652173913,WSW,19.032242086956522,0.0,Fair,"New York City, NY",3
2021,2,25,7.3989898989899,-6.691919191919193,37.13636363636363,NW,28.090368,0.0,Fair,"New York City, NY",3
2021,2,26,4.520202020202018,-7.979797979797979,41.18181818181818,S,14.557248,0.0,Cloudy,"New York City, NY",3
2021,2,27,6.761904761904762,3.714285714285713,81.54285714285714,NE,14.438114742857143,0.017142857142857144,Light Rain,"New York City, NY",3
2021,2,28,5.306513409961685,1.9348659003831434,79.41379310344827,NE,12.763762758620691,0.003448275862068966,Light Rain,"New York City, NY",3
2021,3,1,6.187739463601535,0.4214559386973191,70.48275862068965,NW,22.197848275862068,0.003448275862068966,Cloudy,"New York City, NY",3
2021,3,2,-1.5404040404040407,-16.18686868686869,33.04545454545455,WNW,33.796224,0.0,Fair / Windy,"New York City, NY",3
2021,3,3,6.363636363636363,-8.35858585858586,35.31818181818182,W,16.532352000000003,0.0,Fair,"New York City, NY",3
2021,3,4,4.090909090909093,-7.12121212121212,45.0,NW,32.552640000000004,0.0,Fair / Windy,"New York City, NY",3
2021,3,5,-0.05050505050504997,-15.151515151515152,33.31818181818182,WNW,34.674048000000006,0.0,Fair / Windy,"New York City, NY",3
2021,3,6,0.2777777777777778,-10.90909090909091,43.59090909090909,WNW,26.627328000000002,0.0,Mostly Cloudy,"New York City, NY",3
2021,3,7,1.5404040404040407,-10.580808080808081,41.13636363636363,NW,19.897344,0.0,Fair,"New York City, NY",3
2021,3,8,2.525252525252526,-12.676767676767676,33.22727272727273,NNW,13.094208000000002,0.0,Fair,"New York City, NY",3
2021,3,9,11.11111111111111,-6.388888888888889,29.59090909090909,SSW,18.653760000000002,0.0,Fair,"New York City, NY",3
2021,3,10,8.11111111111111,0.68888888888889,60.72,SE,11.394155520000002,0.0,Fair,"New York City, NY",3
2021,3,11,12.011494252873563,4.980842911877394,67.0,S,12.09782731034483,0.0,Partly Cloudy,"New York City, NY",3
2021,3,12,16.28787878787879,-1.9696969696969704,32.45454545454545,W,24.286464000000002,0.0,Partly Cloudy,"New York City, NY",3
2021,3,13,6.136363636363637,-12.904040404040403,25.545454545454547,W,24.725376,0.0,Fair,"New York City, NY",3
2021,3,14,7.037037037037035,-9.629629629629632,30.19047619047619,W,33.183140571428574,0.0,Fair,"New York City, NY",3
2021,3,15,-0.02525252525252597,-17.651515151515152,27.045454545454547,NW,30.065472000000003,0.0,Fair,"New York City, NY",3
2021,3,16,0.6444444444444426,-11.31111111111111,43.2,NE,13.45411584,0.0,Cloudy,"New York City, NY",3
2021,3,17,4.60648148148148,-0.4398148148148155,70.33333333333333,NE,11.734800000000002,0.0,Cloudy,"New York City, NY",3
2021,3,18,6.6507936507936485,4.126984126984128,84.22857142857143,NE,14.070264685714285,0.031428571428571424,Light Rain,"New York City, NY",3
2021,3,19,3.0917874396135283,-11.521739130434783,36.26086956521739,N,29.388020869565217,0.004347826086956522,Fair,"New York City, NY",3
2021,3,20,7.3989898989899,-8.40909090909091,33.68181818181818,NNW,10.460736,0.0,Fair,"New York City, NY",3
2021,3,21,9.747474747474747,-4.141414141414141,43.0,S,8.41248,0.0,Fair,"New York City, NY",3
2021,3,22,8.636363636363637,0.20202020202020382,59.54545454545455,NE,11.265408,0.0,Fair,"New York City, NY",3
2021,3,23,8.678160919540229,4.540229885057469,76.62068965517241,NE,12.09782731034483,0.0,Mostly Cloudy,"New York City, NY",3
2021,3,24,7.764857881136951,5.633074935400515,86.65116279069767,NE,16.84197209302326,0.05348837209302326,Cloudy,"New York City, NY",3
2021,3,25,13.148148148148145,10.218855218855218,83.36363636363636,NE,9.607296,0.0,Mostly Cloudy,"New York City, NY",3
2021,3,26,15.746527777777779,8.819444444444445,70.03125,S,21.524976000000002,0.0,Cloudy,"New York City, NY",3
2021,3,27,13.914141414141415,3.611111111111111,50.72727272727273,WNW,16.898112,0.0,Fair,"New York City, NY",3
2021,3,28,11.381766381766383,8.917378917378917,85.17948717948718,NE,16.712418461538462,0.025641025641025637,Cloudy,"New York City, NY",3
2021,3,29,9.797979797979796,-4.520202020202021,37.22727272727273,WNW,31.162752,0.0,Fair,"New York City, NY",3
2021,3,30,10.227272727272727,-0.05050505050504997,51.18181818181818,S,19.604736000000003,0.0,Fair,"New York City, NY",3
2021,3,31,7.3989898989899,-8.40909090909091,33.68181818181818,NNW,10.460736,0.0,Fair,"New York City, NY",3
2021,4,1,8.214285714285714,1.3888888888888888,65.10714285714286,NW,26.266793142857146,0.0,Cloudy,"New York City, NY",3
2021,4,2,1.7424242424242407,-10.505050505050503,41.09090909090909,NNW,27.212544000000005,0.0,Mostly Cloudy,"New York City, NY",3
2021,4,3,6.035353535353537,-10.934343434343434,31.136363636363637,NW,16.312896000000002,0.0,Fair,"New York City, NY",3
2021,4,4,12.095959595959597,-3.2070707070707076,35.5,NE,10.680192000000002,0.0,Mostly Cloudy,"New York City, NY",3
2021,4,5,14.217171717171718,-4.924242424242424,28.636363636363637,WNW,28.968192000000002,0.0,Fair,"New York City, NY",3
2021,4,6,14.267676767676768,-5.833333333333333,26.954545454545453,NW,17.044416000000002,0.0,Fair,"New York City, NY",3
2021,4,7,14.696969696969695,0.4797979797979816,39.13636363636363,NE,9.582912,0.0,Mostly Cloudy,"New York City, NY",3
2021,4,8,14.469696969696972,4.57070707070707,53.36363636363637,CALM,8.631936,0.0,Fair,"New York City, NY",3
2021,4,9,10.535714285714286,6.230158730158731,75.14285714285714,S,11.782697142857144,0.0,Mostly Cloudy,"New York City, NY",3
2021,4,10,13.555555555555555,9.314814814814815,76.36666666666666,S,11.158118400000001,0.0,Cloudy,"New York City, NY",3
2021,4,11,11.144781144781145,9.781144781144782,91.27272727272727,NE,19.848576,0.015151515151515152,Light Rain,"New York City, NY",3
2021,4,12,8.65079365079365,5.063492063492063,79.02857142857142,NE,16.001477485714286,0.02,Light Rain,"New York City, NY",3
2021,4,13,11.828703703703702,3.8194444444444446,60.666666666666664,N,10.661904,0.0,Fair,"New York City, NY",3
2021,4,14,15.656565656565656,6.136363636363637,55.95454545454545,SW,12.07008,0.0,Cloudy,"New York City, NY",3
2021,4,15,10.714285714285714,8.07936507936508,83.88571428571429,NE,15.403721142857144,0.02857142857142857,Cloudy,"New York City, NY",3
2021,4,16,8.355555555555554,1.7777777777777795,64.44,NW,20.14898688,0.0,Mostly Cloudy,"New York City, NY",3
2021,4,17,9.533333333333331,1.288888888888889,58.2,NNW,14.870338560000002,0.0,Mostly Cloudy,"New York City, NY",3
2021,4,18,12.979797979797983,3.0303030303030294,51.86363636363637,NW,12.8016,0.0,Mostly Cloudy,"New York City, NY",3
2021,4,19,14.873737373737375,3.5101010101010113,47.31818181818182,S,9.948672,0.0,Mostly Cloudy,"New York City, NY",3
2021,4,20,17.550505050505052,4.621212121212122,44.95454545454545,SW,16.971264,0.0,Fair,"New York City, NY",3
2021,4,21,12.542735042735044,5.213675213675215,61.73076923076923,S,23.644977230769232,0.02692307692307692,Mostly Cloudy,"New York City, NY",3
2021,4,22,6.186868686868685,-8.106060606060606,36.40909090909091,WNW,32.406336,0.0,Mostly Cloudy / Windy,"New York City, NY",3
2021,4,23,11.893939393939393,-6.8939393939393945,28.863636363636363,WNW,25.676352,0.0,Fair,"New York City, NY",3
2021,4,24,16.28787878787879,-1.5909090909090908,30.5,SSW,17.410176,0.0,Fair,"New York City, NY",3
2021,4,25,12.59259259259259,6.316872427983541,67.70370370370371,NW,15.139754666666667,0.018518518518518517,Light Rain,"New York City, NY",3
2021,4,26,10.959595959595958,-4.898989898989898,35.31818181818182,NW,30.72384,0.0,Fair,"New York City, NY",3
2021,4,27,12.651515151515152,-4.3686868686868685,32.22727272727273,SSE,10.460736,0.0,Mostly Cloudy,"New York City, NY",3
2021,4,28,16.932367149758456,8.164251207729471,58.17391304347826,NE,12.175037217391305,0.0,Mostly Cloudy,"New York City, NY",3
2021,4,29,18.964646464646464,12.979797979797983,68.45454545454545,S,12.362688,0.0,Cloudy,"New York City, NY",3
2021,4,30,17.550505050505052,4.621212121212122,44.95454545454545,SW,16.971264,0.0,Fair,"New York City, NY",3
2021,5,1,12.3989898989899,-3.1818181818181817,37.09090909090909,NW,27.944064,0.0,Fair,"New York City, NY",3
2021,5,2,20.32828282828283,3.1060606060606073,32.90909090909091,SW,19.01952,0.0,Mostly Cloudy,"New York City, NY",3
2021,5,3,14.133333333333333,9.133333333333333,72.56,NE,13.904732160000002,0.008,Cloudy,"New York City, NY",3
2021,5,4,14.737654320987653,10.972222222222221,79.02777777777777,NE,13.008864000000003,0.013888888888888888,Mostly Cloudy,"New York City, NY",3
2021,5,5,12.372372372372375,9.924924924924925,85.29729729729729,ENE,14.223121297297299,0.010810810810810811,Light Rain,"New York City, NY",3
2021,5,6,14.797979797979796,1.0858585858585852,41.81818181818182,NW,23.408640000000002,0.0,Fair,"New York City, NY",3
2021,5,7,13.737373737373737,1.8434343434343445,45.09090909090909,NE,16.898112,0.0,Mostly Cloudy,"New York City, NY",3
2021,5,8,11.086956521739133,4.154589371980677,62.69565217391305,ENE,11.685236869565218,0.0,Cloudy,"New York City, NY",3
2021,5,9,11.805555555555555,4.351851851851853,63.083333333333336,WNW,16.696944000000002,0.020833333333333332,Light Rain,"New York City, NY",3
2021,5,10,12.098765432098766,5.967078189300412,67.81481481481481,N,16.808704000000002,0.0,Cloudy,"New York City, NY",3
2021,5,11,15.23148148148148,0.06944444444444445,38.25,NW,20.385024,0.0,Partly Cloudy,"New York City, NY",3
2021,5,12,14.520202020202017,-0.2777777777777778,37.86363636363637,NW,22.018752000000003,0.0,Fair,"New York City, NY",3
2021,5,13,16.944444444444443,-0.9343434343434353,31.181818181818183,NNW,11.704320000000001,0.0,Fair,"New York City, NY",3
2021,5,14,19.469696969696972,-0.3787878787878797,28.545454545454547,SSW,12.582144000000001,0.0,Fair,"New York City, NY",3
2021,5,15,20.2020202020202,0.7323232323232334,28.772727272727273,CALM,10.094976,0.0,Mostly Cloudy,"New York City, NY",3
2021,5,16,20.30092592592593,3.4490740740740753,34.125,SSW,12.40536,0.0,Mostly Cloudy,"New York City, NY",3
2021,5,17,20.47979797979798,5.202020202020204,38.36363636363637,CALM,10.680192000000002,0.0,Fair,"New York City, NY",3
2021,5,18,23.56060606060606,4.722222222222222,31.5,WSW,13.386816000000001,0.0,Fair,"New York City, NY",3
2021,5,19,24.318181818181813,7.297979797979796,35.40909090909091,WNW,13.313664000000001,0.0,Fair,"New York City, NY",3
2021,5,20,19.621212121212118,4.166666666666667,39.5,S,14.337792,0.0,Mostly Cloudy,"New York City, NY",3
2021,5,21,20.40404040404041,6.843434343434344,42.63636363636363,S,14.118336000000001,0.0,Fair,"New York City, NY",3
2021,5,22,24.72222222222222,12.323232323232324,48.36363636363637,NW,12.07008,0.0,Mostly Cloudy,"New York City, NY",3
2021,5,23,26.287878787878785,14.67171717171717,49.5,NW,23.920704,0.0,Mostly Cloudy,"New York City, NY",3
2021,5,24,17.348484848484848,4.595959595959596,43.54545454545455,S,19.897344,0.0,Mostly Cloudy,"New York City, NY",3
2021,5,25,18.61111111111111,9.419191919191919,55.40909090909091,S,18.946368000000003,0.0,Mostly Cloudy,"New York City, NY",3
2021,5,26,24.2911877394636,16.53256704980843,62.758620689655174,SSW,17.536300137931036,0.0,Mostly Cloudy,"New York City, NY",3
2021,5,27,23.379629629629626,11.875,52.416666666666664,NW,20.317968,0.0,Fair,"New York City, NY",3
2021,5,28,14.76190476190476,6.1309523809523805,59.464285714285715,ENE,27.818660571428573,0.05357142857142856,Mostly Cloudy,"New York City, NY",3
2021,5,29,10.125448028673835,6.72043010752688,79.64516129032258,NE,33.3289950967742,0.01935483870967742,Light Rain / Windy,"New York City, NY",3
2021,5,30,10.135135135135135,7.477477477477477,83.64864864864865,NNE,21.530412972972975,0.02972972972972973,Light Rain,"New York City, NY",3
2021,5,31,19.621212121212118,4.166666666666667,39.5,S,14.337792,0.0,Mostly Cloudy,"New York City, NY",3
2021,6,1,19.848484848484855,9.873737373737375,55.77272727272727,CALM,9.144,0.0,Mostly Cloudy,"New York City, NY",3
2021,6,2,20.050505050505052,11.11111111111111,56.59090909090909,S,13.313664000000001,0.0,Mostly Cloudy,"New York City, NY",3
2021,6,3,18.50793650793651,15.666666666666666,83.77142857142857,NE,10.115876571428572,0.008571428571428572,Cloudy,"New York City, NY",3
2021,6,4,21.78451178451179,17.60942760942761,77.54545454545455,SSW,12.972288,0.06666666666666667,Cloudy,"New York City, NY",3
2021,6,5,27.7020202020202,15.378787878787879,51.18181818181818,WSW,12.508992000000001,0.0,Fair,"New York City, NY",3
2021,6,6,30.19323671497584,15.845410628019323,42.65217391304348,S,15.673611130434784,0.0,Partly Cloudy,"New York City, NY",3
2021,6,7,28.240740740740737,19.305555555555557,58.375,S,13.880592,0.0,Fair,"New York City, NY",3
2021,6,8,25.94982078853046,20.376344086021504,72.58064516129032,S,10.694350451612905,0.025806451612903226,Mostly Cloudy,"New York City, NY",3
2021,6,9,28.032407407407405,19.490740740740737,60.916666666666664,ENE,8.449056,0.0,Mostly Cloudy,"New York City, NY",3
2021,6,10,23.989898989898993,12.525252525252526,49.86363636363637,NE,15.947136,0.0,Mostly Cloudy,"New York City, NY",3
2021,6,11,18.17129629629629,11.34259259259259,64.83333333333333,NE,14.484096000000001,0.0,Mostly Cloudy,"New York City, NY",3
2021,6,12,18.842592592592595,12.98611111111111,69.29166666666667,NE,14.215872000000003,0.0,Cloudy,"New York City, NY",3
2021,6,13,20.47979797979798,12.702020202020204,61.40909090909091,S,12.07008,0.0,Mostly Cloudy,"New York City, NY",3
2021,6,14,20.33670033670034,16.17845117845118,77.27272727272727,S,15.898368000000001,0.0,Cloudy,"New York City, NY",3
2021,6,15,22.916666666666668,14.583333333333334,62.083333333333336,NW,15.422880000000003,0.0,Mostly Cloudy,"New York City, NY",3
2021,6,16,21.59090909090909,7.17171717171717,42.09090909090909,NW,21.140928000000002,0.0,Fair,"New York City, NY",3
2021,6,17,21.792929292929298,3.1565656565656557,30.181818181818183,NW,11.192256,0.0,Fair,"New York City, NY",3
2021,6,18,25.0,8.964646464646462,37.5,SSW,16.605504,0.0,Mostly Cloudy,"New York City, NY",3
2021,6,19,25.748792270531396,15.386473429951694,54.69565217391305,SW,15.253782260869565,0.008695652173913044,Cloudy,"New York City, NY",3
2021,6,20,26.086956521739133,16.83574879227053,57.0,S,13.924324173913044,0.0,Partly Cloudy,"New York City, NY",3
2021,6,21,26.64444444444444,20.288888888888884,68.56,S,18.732764160000002,0.0,Mostly Cloudy,"New York City, NY",3
2021,6,22,21.273148148148152,15.972222222222221,71.91666666666667,NW,18.172176,0.008333333333333333,Mostly Cloudy,"New York City, NY",3
2021,6,23,19.74747474747475,6.515151515151515,44.40909090909091,NW,17.117568000000002,0.0,Fair,"New York City, NY",3
2021,6,24,21.161616161616163,10.0,50.59090909090909,ESE,13.386816000000001,0.0,Partly Cloudy,"New York City, NY",3
2021,6,25,20.770609318996417,14.659498207885305,69.0,ENE,15.107067870967743,0.0,Mostly Cloudy,"New York City, NY",3
2021,6,26,24.821428571428573,19.682539682539684,73.67857142857143,S,18.220073142857142,0.0,Mostly Cloudy,"New York City, NY",3
2021,6,27,27.420634920634924,20.436507936507937,66.42857142857143,SSW,19.139698285714285,0.0,Mostly Cloudy,"New York City, NY",3
2021,6,28,29.898989898989896,20.303030303030305,57.09090909090909,SW,18.507456,0.0,Mostly Cloudy,"New York City, NY",3
2021,6,29,32.22222222222222,20.16908212560386,49.43478260869565,SW,17.422898086956522,0.0,Fair,"New York City, NY",3
2021,6,30,26.086956521739133,16.83574879227053,57.0,S,13.924324173913044,0.0,Partly Cloudy,"New York City, NY",3
2021,7,1,25.079365079365076,20.039682539682538,74.64285714285714,CALM,9.138774857142858,0.03928571428571428,Mostly Cloudy,"New York City, NY",3
2021,7,2,23.037037037037038,18.827160493827158,77.31111111111112,SW,14.233753600000002,0.028888888888888895,Light Rain,"New York City, NY",3
2021,7,3,17.31707317073171,13.943089430894307,80.85365853658537,NE,18.016802341463418,0.007317073170731709,Cloudy,"New York City, NY",3
2021,7,4,21.25,14.14351851851852,64.625,S,9.924288,0.0,Mostly Cloudy,"New York City, NY",3
2021,7,5,23.634259259259263,17.546296296296298,70.04166666666667,NE,15.75816,0.0,Fair,"New York City, NY",3
2021,7,6,27.99145299145299,18.717948717948715,59.03846153846154,SW,21.41665476923077,0.01153846153846154,Mostly Cloudy,"New York City, NY",3
2021,7,7,29.589371980676326,20.24154589371981,58.69565217391305,SW,12.314980173913044,0.0,Partly Cloudy,"New York City, NY",3
2021,7,8,24.493464052287585,20.0,76.52941176470588,NE,15.80943811764706,0.058823529411764705,Mostly Cloudy,"New York City, NY",3
2021,7,9,24.605263157894733,20.175438596491226,77.57894736842105,NE,19.777990736842106,0.09473684210526316,Mostly Cloudy,"New York City, NY",3
2021,7,10,24.26666666666667,18.711111111111116,71.56,NE,11.71602432,0.004,Mostly Cloudy,"New York City, NY",3
2021,7,11,24.32950191570881,19.310344827586206,73.89655172413794,SSE,14.040139034482758,0.0,Mostly Cloudy,"New York City, NY",3
2021,7,12,24.619883040935672,21.403508771929825,82.44736842105263,NE,15.161714526315789,0.03421052631578948,Cloudy,"New York City, NY",3
2021,7,13,21.77777777777778,19.152777777777775,85.0,NE,16.0129728,0.0,Cloudy,"New York City, NY",3
2021,7,14,24.174603174603178,20.0,79.51428571428572,NE,11.679239314285715,0.0,Fog,"New York City, NY",3
2021,7,15,28.055555555555557,19.87373737373737,61.59090909090909,S,12.508992000000001,0.0,Partly Cloudy,"New York City, NY",3
2021,7,16,30.90909090909091,19.949494949494948,53.09090909090909,SW,11.704320000000001,0.0,Mostly Cloudy,"New York City, NY",3
2021,7,17,28.518518518518515,21.29629629629629,65.375,S,12.137136000000002,0.004166666666666667,Mostly Cloudy,"New York City, NY",3
2021,7,18,25.94017094017094,19.72222222222222,70.0,SSW,15.907746461538464,0.015384615384615385,Mostly Cloudy,"New York City, NY",3
2021,7,19,24.516908212560388,17.463768115942027,65.52173913043478,NW,11.545293913043478,0.0,Cloudy,"New York City, NY",3
2021,7,20,28.200000000000003,18.266666666666666,55.44,NW,10.171054080000001,0.0,Haze,"New York City, NY",3
2021,7,21,25.370370370370374,17.26337448559671,61.111111111111114,N,12.636330666666668,0.007407407407407408,Mostly Cloudy,"New York City, NY",3
2021,7,22,24.39393939393939,13.055555555555555,50.40909090909091,NW,15.508224000000002,0.0,Fair,"New York City, NY",3
2021,7,23,24.621212121212118,11.717171717171718,45.04545454545455,NW,12.947904,0.0,Partly Cloudy,"New York City, NY",3
2021,7,24,24.72222222222222,14.57070707070707,54.13636363636363,S,14.776704,0.0,Fair,"New York City, NY",3
2021,7,25,25.393518518518515,18.773148148148152,67.33333333333333,S,16.562832,0.016666666666666666,Cloudy,"New York City, NY",3
2021,7,26,26.944444444444443,17.83730158730159,60.857142857142854,NNW,10.863072,0.1392857142857143,Mostly Cloudy,"New York City, NY",3
2021,7,27,28.26388888888889,15.162037037037035,45.875,S,14.081760000000001,0.0,Fair,"New York City, NY",3
2021,7,28,24.34782608695652,16.763285024154587,63.56521739130435,S,12.734809043478261,0.008695652173913044,Partly Cloudy,"New York City, NY",3
2021,7,29,24.218106995884778,19.382716049382715,74.74074074074075,S,24.25937066666667,0.011111111111111113,Mostly Cloudy,"New York City, NY",3
2021,7,30,25.075757575757578,13.88888888888889,52.09090909090909,NW,24.432768000000003,0.0,Partly Cloudy,"New York City, NY",3
2021,7,31,28.200000000000003,18.266666666666666,55.44,NW,10.171054080000001,0.0,Haze,"New York City, NY",3
2021,8,1,22.850241545893724,14.68599033816425,60.34782608695652,S,14.903924869565218,0.004347826086956522,Mostly Cloudy,"New York City, NY",3
2021,8,2,22.971014492753618,13.140096618357486,56.130434782608695,NW,18.05264139130435,0.0,Partly Cloudy,"New York City, NY",3
2021,8,3,23.005050505050505,11.38888888888889,48.68181818181818,ENE,8.193024000000001,0.0,Mostly Cloudy,"New York City, NY",3
2021,8,4,22.651515151515145,15.202020202020204,62.81818181818182,NE,11.704320000000001,0.0,Cloudy,"New York City, NY",3
2021,8,5,23.125,16.712962962962965,67.54166666666667,N,14.081760000000001,0.0,Cloudy,"New York City, NY",3
2021,8,6,26.89393939393939,16.515151515151516,54.5,S,12.874752,0.0,Fair,"New York City, NY",3
2021,8,7,27.146464646464647,16.186868686868685,52.0,SSW,15.435072000000002,0.0,Mostly Cloudy,"New York City, NY",3
2021,8,8,21.531531531531535,16.90690690690691,75.64864864864865,NE,20.57350572972973,0.010810810810810811,Light Rain,"New York City, NY",3
2021,8,9,23.574074074074076,19.703703703703706,78.93333333333334,NE,14.430451200000002,0.0,Mostly Cloudy,"New York City, NY",3
2021,8,10,25.375816993464053,20.555555555555557,74.88235294117646,S,12.685417411764707,0.023529411764705882,Mostly Cloudy,"New York City, NY",3
2021,8,11,27.977777777777778,21.422222222222224,68.12,SSW,15.32095488,0.004,Mostly Cloudy,"New York City, NY",3
2021,8,12,30.577777777777783,19.644444444444446,53.56,SW,14.162227200000002,0.0,Fair,"New York City, NY",3
2021,8,13,31.38888888888889,19.318181818181813,49.40909090909091,NW,9.948672,0.0,Fair,"New York City, NY",3
2021,8,14,29.570707070707076,18.661616161616163,51.72727272727273,NW,14.996160000000001,0.0,Mostly Cloudy,"New York City, NY",3
2021,8,15,24.87373737373737,12.020202020202017,44.77272727272727,NE,13.825728000000002,0.0,Mostly Cloudy,"New York City, NY",3
2021,8,16,24.21717171717172,14.696969696969695,55.54545454545455,S,13.679424000000001,0.0,Mostly Cloudy,"New York City, NY",3
2021,8,17,25.40404040404041,17.3989898989899,61.22727272727273,S,17.190720000000002,0.0,Cloudy,"New York City, NY",3
2021,8,18,26.185185185185187,21.555555555555557,75.6,S,14.966899200000002,0.0,Mostly Cloudy,"New York City, NY",3
2021,8,19,27.586805555555557,21.475694444444443,70.59375,SW,22.731984,0.021875,Mostly Cloudy,"New York City, NY",3
2021,8,20,26.319444444444443,19.444444444444443,65.79166666666667,WNW,11.600688,0.004166666666666667,Mostly Cloudy,"New York City, NY",3
2021,8,21,25.720720720720717,21.366366366366364,77.35135135135135,ENE,13.179222486486488,0.06486486486486487,Mostly Cloudy,"New York City, NY",3
2021,8,22,23.57843137254902,20.996732026143793,85.44117647058823,NW,17.93945223529412,0.08823529411764706,Light Rain,"New York City, NY",3
2021,8,23,25.0,20.740740740740737,77.73333333333333,S,20.0631552,0.05000000000000001,Light Rain,"New York City, NY",3
2021,8,24,28.86363636363636,17.97979797979798,53.72727272727273,WNW,12.43584,0.0,Fair,"New York City, NY",3
2021,8,25,29.318181818181813,18.308080808080806,53.18181818181818,CALM,6.6568320000000005,0.0,Partly Cloudy,"New York City, NY",3
2021,8,26,30.700483091787437,20.483091787439612,54.73913043478261,S,10.215835826086957,0.0,Fair,"New York City, NY",3
2021,8,27,29.00383141762452,21.034482758620687,63.03448275862069,CALM,8.379687724137932,0.0896551724137931,Mostly Cloudy,"New York City, NY",3
2021,8,28,23.620689655172416,18.9272030651341,75.27586206896552,ENE,21.476418206896554,0.0,Cloudy,"New York City, NY",3
2021,8,29,22.05761316872428,18.497942386831273,80.4074074074074,ENE,11.801856,0.0,Cloudy,"New York City, NY",3
2021,8,30,26.55982905982906,20.106837606837605,69.61538461538461,S,12.75095630769231,0.0,Mostly Cloudy,"New York City, NY",3
2021,8,31,26.319444444444443,19.444444444444443,65.79166666666667,WNW,11.600688,0.004166666666666667,Mostly Cloudy,"New York City, NY",3
2021,9,1,21.545893719806763,15.531400966183575,74.6304347826087,ENE,30.647507478260874,0.2717391304347826,Cloudy,"New York City, NY",3
2021,9,2,20.53497942386831,12.921810699588478,64.37037037037037,NNW,24.915029333333333,0.011111111111111113,Partly Cloudy,"New York City, NY",3
2021,9,3,20.60606060606061,12.020202020202017,58.59090909090909,N,13.53312,0.0,Fair,"New York City, NY",3
2021,9,4,22.560386473429947,13.55072463768116,57.82608695652174,WNW,11.685236869565218,0.0,Mostly Cloudy,"New York City, NY",3
2021,9,5,22.733333333333334,18.333333333333332,76.36,S,16.029066240000002,0.004,Mostly Cloudy,"New York City, NY",3
2021,9,6,24.86111111111111,16.34259259259259,62.833333333333336,W,16.160496,0.0,Mostly Cloudy,"New York City, NY",3
2021,9,7,23.762626262626256,14.116161616161614,55.90909090909091,NNW,14.484096000000001,0.0,Fair,"New York City, NY",3
2021,9,8,25.32828282828283,19.823232323232325,71.95454545454545,S,24.067008,0.0,Mostly Cloudy,"New York City, NY",3
2021,9,9,21.734006734006737,16.144781144781145,75.87878787878788,NW,8.436864,0.009090909090909092,Light Rain,"New York City, NY",3
2021,9,10,21.59090909090909,10.833333333333334,52.04545454545455,NW,23.847552,0.0,Fair,"New York City, NY",3
2021,9,11,22.601010101010104,9.621212121212121,44.31818181818182,SSW,13.16736,0.0,Fair,"New York City, NY",3
2021,9,12,24.949494949494948,15.530303030303028,56.36363636363637,SW,20.628864,0.0,Mostly Cloudy,"New York City, NY",3
2021,9,13,26.466666666666665,16.866666666666667,55.8,NW,20.2777344,0.0,Mostly Cloudy,"New York City, NY",3
2021,9,14,23.782051282051285,17.264957264957268,67.57692307692308,SSE,12.379569230769231,0.0,Mostly Cloudy,"New York City, NY",3
2021,9,15,26.540404040404034,20.050505050505052,68.54545454545455,S,13.606272000000002,0.0,Mostly Cloudy,"New York City, NY",3
2021,9,16,23.333333333333332,17.511111111111113,69.8,ENE,19.50524928,0.0,Cloudy,"New York City, NY",3
2021,9,17,22.592592592592595,19.259259259259263,81.47222222222223,NE,20.563840000000003,0.0,Cloudy,"New York City, NY",3
2021,9,18,24.781746031746035,18.01587301587302,67.60714285714286,NNW,10.633165714285715,0.0,Mostly Cloudy,"New York City, NY",3
2021,9,19,22.398989898989896,11.237373737373737,50.45454545454545,N,12.655296,0.0,Fair,"New York City, NY",3
2021,9,20,21.13636363636364,13.207070707070708,60.95454545454545,NE,11.411712000000001,0.0,Fair,"New York City, NY",3
2021,9,21,21.70498084291188,15.996168582375482,70.34482758620689,E,13.873655172413795,0.0,Mostly Cloudy,"New York City, NY",3
2021,9,22,23.88888888888889,20.057471264367813,79.37931034482759,SSE,19.20113875862069,0.0,Mostly Cloudy,"New York City, NY",3
2021,9,23,24.005847953216378,19.254385964912284,75.26315789473684,SSE,22.95432757894737,0.06315789473684212,Mostly Cloudy,"New York City, NY",3
2021,9,24,19.768518518518515,10.48611111111111,58.666666666666664,WNW,13.74648,0.016666666666666666,Fair,"New York City, NY",3
2021,9,25,21.010101010101007,10.555555555555555,52.40909090909091,NNE,7.827264,0.0,Fair,"New York City, NY",3
2021,9,26,20.681818181818187,8.106060606060607,45.95454545454545,WNW,20.84832,0.0,Fair,"New York City, NY",3
2021,9,27,22.853535353535353,8.055555555555555,39.09090909090909,SW,20.702016,0.0,Partly Cloudy,"New York City, NY",3
2021,9,28,21.41203703703704,14.166666666666666,63.666666666666664,SW,15.489936,0.008333333333333333,Mostly Cloudy,"New York City, NY",3
2021,9,29,17.575757575757574,5.707070707070708,46.54545454545455,NNW,17.117568000000002,0.0,Mostly Cloudy,"New York City, NY",3
2021,9,30,21.13636363636364,13.207070707070708,60.95454545454545,NE,11.411712000000001,0.0,Fair,"New York City, NY",3
2021,10,1,16.767676767676768,5.808080808080807,49.77272727272727,WNW,12.582144000000001,0.0,Fair,"New York City, NY",3
2021,10,2,20.429292929292924,8.964646464646462,48.59090909090909,W,11.923776,0.0,Mostly Cloudy,"New York City, NY",3
2021,10,3,22.196969696969695,13.838383838383837,61.04545454545455,S,8.851392,0.0,Mostly Cloudy,"New York City, NY",3
2021,10,4,20.26936026936027,17.542087542087543,84.45454545454545,ENE,18.336768000000003,0.0,Cloudy,"New York City, NY",3
2021,10,5,17.202380952380953,13.313492063492065,77.85714285714286,NE,13.621947428571428,0.0,Cloudy,"New York City, NY",3
2021,10,6,18.930041152263374,13.23045267489712,70.0,NE,7.450666666666668,0.0,Cloudy,"New York City, NY",3
2021,10,7,20.67632850241546,14.90338164251208,70.65217391304348,CALM,6.57731895652174,0.0,Mostly Cloudy,"New York City, NY",3
2021,10,8,20.85858585858586,15.32828282828283,71.0,NE,10.680192000000002,0.0,Partly Cloudy,"New York City, NY",3
2021,10,9,18.333333333333332,12.933333333333334,71.0,ENE,22.466442240000003,0.0,Mostly Cloudy,"New York City, NY",3
2021,10,10,18.47222222222222,15.277777777777779,81.5625,ENE,28.213812,0.009375000000000001,Cloudy,"New York City, NY",3
2021,10,11,19.8792270531401,14.082125603864736,69.52173913043478,NE,22.390873043478262,0.0,Cloudy,"New York City, NY",3
2021,10,12,19.07407407407407,14.185185185185183,73.4,NE,10.72896,0.0,Mostly Cloudy,"New York City, NY",3
2021,10,13,20.074074074074076,15.24074074074074,73.8,CALM,6.8665344,0.0,Cloudy,"New York City, NY",3
2021,10,14,22.045454545454547,14.494949494949497,63.59090909090909,NW,11.631168,0.0,Mostly Cloudy,"New York City, NY",3
2021,10,15,22.7020202020202,14.823232323232324,62.31818181818182,S,8.193024000000001,0.0,Mostly Cloudy,"New York City, NY",3
2021,10,16,20.97222222222222,14.976851851851855,68.625,S,21.860256000000003,0.012500000000000002,Mostly Cloudy,"New York City, NY",3
2021,10,17,15.09661835748792,6.473429951690821,57.21739130434783,WNW,24.070188521739134,0.0,Fair,"New York City, NY",3
2021,10,18,13.055555555555555,3.838383838383837,54.0,WNW,24.286464000000002,0.0,Fair,"New York City, NY",3
2021,10,19,15.555555555555555,3.1060606060606073,45.27272727272727,W,21.726144,0.0,Fair,"New York City, NY",3
2021,10,20,20.85858585858586,7.020202020202018,41.72727272727273,W,17.410176,0.0,Fair,"New York City, NY",3
2021,10,21,20.65217391304348,10.169082125603863,52.391304347826086,SW,14.414124521739133,0.0,Partly Cloudy,"New York City, NY",3
2021,10,22,19.26767676767677,9.722222222222221,54.5,W,16.4592,0.0,Partly Cloudy,"New York City, NY",3
2021,10,23,13.535353535353538,5.126262626262626,57.09090909090909,N,12.8016,0.0,Mostly Cloudy,"New York City, NY",3
2021,10,24,13.409090909090907,4.595959595959596,56.0,WNW,10.680192000000002,0.0,Mostly Cloudy,"New York City, NY",3
2021,10,25,19.412698412698408,15.682539682539682,79.34285714285714,S,12.047089371428573,0.008571428571428572,Mostly Cloudy,"New York City, NY",3
2021,10,26,15.918367346938775,13.356009070294782,85.12244897959184,NE,27.917191836734695,0.10612244897959182,Rain / Windy,"New York City, NY",3
2021,10,27,14.679487179487175,8.547008547008549,67.46153846153847,N,26.61607384615385,0.0038461538461538464,Mostly Cloudy,"New York City, NY",3
2021,10,28,12.62820512820513,5.384615384615385,61.65384615384615,N,15.226870153846155,0.0,Partly Cloudy,"New York City, NY",3
2021,10,29,12.460317460317462,6.523809523809522,67.57142857142857,E,28.14052937142857,0.014285714285714285,Cloudy,"New York City, NY",3
2021,10,30,15.752688172043008,11.989247311827956,79.2258064516129,E,20.142757161290323,0.0064516129032258064,Mostly Cloudy,"New York City, NY",3
2021,10,31,20.85858585858586,7.020202020202018,41.72727272727273,W,17.410176,0.0,Fair,"New York City, NY",3
2021,11,1,14.621212121212121,2.9797979797979814,47.0,NW,20.263104000000002,0.0,Fair,"New York City, NY",3
2021,11,2,11.540404040404042,-0.02525252525252597,45.54545454545455,W,12.07008,0.0,Cloudy,"New York City, NY",3
2021,11,3,9.444444444444445,-1.287878787878787,48.27272727272727,NW,18.141696000000003,0.0,Fair,"New York City, NY",3
2021,11,4,8.585858585858585,-3.7878787878787867,43.13636363636363,N,11.045952,0.0,Mostly Cloudy,"New York City, NY",3
2021,11,5,8.964646464646462,-3.2828282828282833,43.18181818181818,N,13.386816000000001,0.0,Fair,"New York City, NY",3
2021,11,6,9.444444444444445,-1.6414141414141408,47.09090909090909,NNE,8.851392,0.0,Fair,"New York City, NY",3
2021,11,7,10.120772946859905,-0.024154589371981276,51.391304347826086,N,7.416976695652174,0.0,Mostly Cloudy,"New York City, NY",3
2021,11,8,14.015151515151514,2.7777777777777777,47.31818181818182,N,10.168128000000001,0.0,Fair,"New York City, NY",3
2021,11,9,16.38888888888889,6.161616161616163,52.45454545454545,CALM,5.486400000000001,0.0,Fair,"New York City, NY",3
2021,11,10,15.883838383838386,3.863636363636363,46.90909090909091,NW,14.26464,0.0,Fair,"New York City, NY",3
2021,11,11,13.244444444444447,6.0888888888888895,62.76,NE,16.09344,0.0,Cloudy,"New York City, NY",3
2021,11,12,17.56704980842912,11.340996168582377,69.3103448275862,SE,23.69620303448276,0.010344827586206898,Fair,"New York City, NY",3
2021,11,13,11.149425287356323,3.716475095785441,61.06896551724138,W,24.584116965517243,0.017241379310344827,Fair,"New York City, NY",3
2021,11,14,7.525252525252526,-1.237373737373737,54.5,SSW,16.82496,0.0,Mostly Cloudy,"New York City, NY",3
2021,11,15,7.4154589371980695,-0.09661835748792313,59.869565217391305,W,21.341300869565217,0.0,Mostly Cloudy,"New York City, NY",3
2021,11,16,7.550505050505052,-3.863636363636363,45.86363636363637,W,19.897344,0.0,Fair,"New York City, NY",3
2021,11,17,10.707070707070708,2.424242424242426,57.68181818181818,S,11.265408,0.0,Mostly Cloudy,"New York City, NY",3
2021,11,18,15.772946859903382,8.768115942028984,64.6086956521739,S,16.23338295652174,0.0,Partly Cloudy,"New York City, NY",3
2021,11,19,7.82828282828283,-3.3585858585858595,46.04545454545455,WNW,27.944064,0.0,Fair,"New York City, NY",3
2021,11,20,6.717171717171719,-3.863636363636363,48.18181818181818,S,10.753344,0.0,Mostly Cloudy,"New York City, NY",3
2021,11,21,10.942028985507248,2.9951690821256034,59.52173913043478,S,13.924324173913044,0.0,Mostly Cloudy,"New York City, NY",3
2021,11,22,9.32367149758454,1.7391304347826084,60.47826086956522,NW,21.341300869565217,0.0,Cloudy,"New York City, NY",3
2021,11,23,3.611111111111111,-7.12121212121212,46.31818181818182,NW,27.944064,0.0,Fair,"New York City, NY",3
2021,11,24,4.696969696969696,-7.424242424242424,42.95454545454545,NW,18.653760000000002,0.0,Fair,"New York City, NY",3
2021,11,25,9.797979797979796,-4.898989898989898,36.54545454545455,SW,9.729216000000001,0.0,Mostly Cloudy,"New York City, NY",3
2021,11,26,7.350427350427351,0.2991452991453001,62.15384615384615,WNW,26.61607384615385,0.0,Mostly Cloudy / Windy,"New York City, NY",3
2021,11,27,3.611111111111111,-6.8434343434343425,47.04545454545455,WNW,29.114496,0.0,Mostly Cloudy / Windy,"New York City, NY",3
2021,11,28,3.3730158730158717,-2.4404761904761902,66.25,NE,7.586907428571429,0.0,Light Snow,"New York City, NY",3
2021,11,29,4.57070707070707,-3.611111111111111,55.86363636363637,NW,21.799296000000002,0.0,Mostly Cloudy,"New York City, NY",3
2021,11,30,6.717171717171719,-3.863636363636363,48.18181818181818,S,10.753344,0.0,Mostly Cloudy,"New York City, NY",3
2021,12,1,8.131313131313128,-3.9393939393939394,42.95454545454545,W,16.09344,0.0,Mostly Cloudy,"New York City, NY",3
2021,12,2,12.676767676767676,5.479797979797982,62.68181818181818,SW,19.312128,0.0,Mostly Cloudy,"New York City, NY",3
2021,12,3,7.323232323232323,-4.898989898989898,42.22727272727273,NW,27.432000000000002,0.0,Partly Cloudy,"New York City, NY",3
2021,12,4,6.616161616161615,-3.535353535353535,49.04545454545455,CALM,10.460736,0.0,Partly Cloudy,"New York City, NY",3
2021,12,5,7.550505050505052,-6.0606060606060606,38.5,NW,11.192256,0.0,Mostly Cloudy,"New York City, NY",3
2021,12,6,12.317460317460318,9.031746031746033,81.17142857142858,S,21.013434514285716,0.011428571428571429,Cloudy,"New York City, NY",3
2021,12,7,4.949494949494948,-7.2979797979797985,41.36363636363637,W,17.263872,0.0,Mostly Cloudy,"New York City, NY",3
2021,12,8,4.0476190476190474,-1.8055555555555556,66.57142857142857,NE,15.288768000000001,0.0,Cloudy,"New York City, NY",3
2021,12,9,2.9292929292929295,-7.424242424242424,47.45454545454545,NW,18.214848,0.0,Cloudy,"New York City, NY",3
2021,12,10,7.878787878787879,-1.0606060606060612,54.0,S,10.460736,0.0,Cloudy,"New York City, NY",3
2021,12,11,11.916666666666668,9.124999999999998,83.5,S,14.162227200000002,0.0,Cloudy,"New York City, NY",3
2021,12,12,8.333333333333334,-6.717171717171717,34.59090909090909,NW,26.773632000000003,0.0,Fair,"New York City, NY",3
2021,12,13,9.040404040404042,-8.18181818181818,29.772727272727273,SW,18.873216,0.0,Fair,"New York City, NY",3
2021,12,14,9.57070707070707,-5.757575757575757,34.63636363636363,N,14.849856,0.0,Partly Cloudy,"New York City, NY",3
2021,12,15,8.98148148148148,1.01851851851852,58.5,ENE,12.539472000000002,0.0,Cloudy,"New York City, NY",3
2021,12,16,14.884259259259258,6.157407407407408,57.791666666666664,SW,18.507456,0.0,Mostly Cloudy,"New York City, NY",3
2021,12,17,14.191919191919192,-4.166666666666667,30.59090909090909,WNW,20.702016,0.0,Mostly Cloudy,"New York City, NY",3
2021,12,18,6.397306397306398,2.356902356902357,77.45454545454545,NE,12.094464000000002,0.0,Light Drizzle,"New York City, NY",3
2021,12,19,4.742063492063491,-1.9444444444444444,63.82142857142857,NNW,24.370066285714287,0.0,Mostly Cloudy,"New York City, NY",3
2021,12,20,0.5555555555555556,-9.761904761904761,47.42857142857143,SW,13.48783542857143,0.0,Fair,"New York City, NY",3
2021,12,21,3.743961352657005,-5.0724637681159415,53.130434782608695,ENE,9.865978434782608,0.0,Mostly Cloudy,"New York City, NY",3
2021,12,22,5.483870967741933,-0.9856630824372756,66.03225806451613,NW,22.99804490322581,0.016129032258064516,Light Rain,"New York City, NY",3
2021,12,23,1.4393939393939408,-9.065656565656566,46.40909090909091,NW,21.726144,0.0,Mostly Cloudy,"New York City, NY",3
2021,12,24,1.7049808429118782,-2.490421455938697,74.89655172413794,ENE,13.929149793103448,0.0,Cloudy,"New York City, NY",3
2021,12,25,5.648148148148147,2.944444444444443,83.23333333333333,ENE,9.0123264,0.0,Light Rain,"New York City, NY",3
2021,12,26,8.005050505050503,-0.9090909090909093,54.09090909090909,NW,31.016448000000004,0.0,Fair,"New York City, NY",3
2021,12,27,2.835249042145595,-4.291187739463602,60.41379310344828,ENE,12.98574124137931,0.0,Cloudy,"New York City, NY",3
2021,12,28,5.967741935483871,0.9318996415770621,72.0,W,10.019464258064517,0.0,Cloudy,"New York City, NY",3
2021,12,29,5.935672514619882,3.4649122807017543,84.15789473684211,NE,13.637072842105264,0.002631578947368421,Cloudy,"New York City, NY",3
2021,12,30,7.682926829268292,5.3794037940379384,85.5609756097561,NE,8.79251356097561,0.0,Cloudy,"New York City, NY",3
2021,12,31,0.5555555555555556,-9.761904761904761,47.42857142857143,SW,13.48783542857143,0.0,Fair,"New York City, NY",3
2022,1,1,11.38888888888889,9.552469135802468,88.38888888888889,S,10.326624,0.022222222222222223,Light Rain,"New York City, NY",3
2022,1,2,10.555555555555555,7.321428571428573,81.10714285714286,NW,15.921010285714287,0.0,Cloudy,"New York City, NY",3
2022,1,3,-0.8080808080808074,-10.53030303030303,48.77272727272727,N,23.847552,0.0,Cloudy,"New York City, NY",3
2022,1,4,-1.6919191919191927,-11.81818181818182,47.31818181818182,SSW,13.606272000000002,0.0,Fair,"New York City, NY",3
2022,1,5,4.820261437908498,0.9150326797385628,76.32352941176471,SSW,11.454742588235295,0.0058823529411764705,Cloudy,"New York City, NY",3
2022,1,6,3.787878787878789,-7.373737373737375,45.5,WNW,18.434304,0.0,Mostly Cloudy,"New York City, NY",3
2022,1,7,-0.33033033033032944,-5.570570570570571,69.70270270270271,NW,25.749504,0.013513513513513514,Light Snow,"New York City, NY",3
2022,1,8,-2.44949494949495,-13.787878787878789,43.0,NW,16.898112,0.0,Fair,"New York City, NY",3
2022,1,9,3.2444444444444462,-2.7111111111111104,66.04,SW,17.702784,0.0,Mostly Cloudy,"New York City, NY",3
2022,1,10,-0.42929292929292967,-11.464646464646465,44.22727272727273,W,26.993088000000004,0.0,Partly Cloudy,"New York City, NY",3
2022,1,11,-6.4444444444444455,-17.022222222222222,44.76,NW,23.560796160000002,0.0,Fair,"New York City, NY",3
2022,1,12,0.9595959595959592,-10.252525252525253,43.72727272727273,SSW,16.751808,0.0,Partly Cloudy,"New York City, NY",3
2022,1,13,4.267676767676766,-2.1969696969696964,63.63636363636363,ENE,9.656064,0.0,Mostly Cloudy,"New York City, NY",3
2022,1,14,4.012345679012345,-1.6460905349794233,67.14814814814815,N,24.318976,0.0,Mostly Cloudy,"New York City, NY",3
2022,1,15,-8.555555555555555,-18.36111111111111,46.45,N,20.3582016,0.0,Mostly Cloudy,"New York City, NY",3
2022,1,16,-4.444444444444445,-9.738562091503269,67.70588235294117,NE,20.448135529411765,0.011764705882352941,Mostly Cloudy,"New York City, NY",3
2022,1,17,4.526143790849674,-0.3104575163398692,71.55882352941177,ENE,28.968192000000002,0.0411764705882353,Cloudy,"New York City, NY",3
2022,1,18,1.186868686868685,-9.67171717171717,45.36363636363637,WNW,30.943296,0.0,Fair,"New York City, NY",3
2022,1,19,5.652173913043477,-5.628019323671498,45.608695652173914,SSW,17.91269843478261,0.0,Mostly Cloudy,"New York City, NY",3
2022,1,20,2.326388888888889,-3.7847222222222223,66.375,NNW,19.261836000000002,0.003125,Mostly Cloudy,"New York City, NY",3
2022,1,21,-7.045454545454547,-17.72727272727273,43.22727272727273,N,22.31136,0.0,Mostly Cloudy,"New York City, NY",3
2022,1,22,-4.873737373737374,-14.621212121212121,47.27272727272727,N,11.777472000000001,0.0,Fair,"New York City, NY",3
2022,1,23,0.0740740740740738,-9.88888888888889,50.766666666666666,WSW,13.7867136,0.0,Mostly Cloudy,"New York City, NY",3
2022,1,24,-0.019157088122605772,-6.57088122605364,62.3448275862069,N,14.095633655172415,0.0,Cloudy,"New York City, NY",3
2022,1,25,3.4848484848484853,-5.151515151515152,54.22727272727273,WNW,17.190720000000002,0.0,Cloudy,"New York City, NY",3
2022,1,26,-3.6616161616161613,-16.262626262626263,38.40909090909091,NNW,20.336256000000002,0.0,Fair,"New York City, NY",3
2022,1,27,-3.0050505050505056,-13.636363636363637,44.77272727272727,S,13.240512,0.0,Fair,"New York City, NY",3
2022,1,28,0.0,-5.015015015015016,70.43243243243244,NE,13.266214054054055,0.0,Light Snow,"New York City, NY",3
2022,1,29,-6.447811447811448,-10.993265993265993,72.51515151515152,N,36.527232,0.0030303030303030303,Snow / Windy,"New York City, NY",3
2022,1,30,-5.984848484848485,-16.262626262626263,45.18181818181818,WNW,21.945600000000002,0.0,Fair,"New York City, NY",3
2022,1,31,2.326388888888889,-3.7847222222222223,66.375,NNW,19.261836000000002,0.003125,Mostly Cloudy,"New York City, NY",3
2022,2,1,-0.6313131313131315,-8.535353535353535,55.81818181818182,NE,12.655296,0.0,Fair,"New York City, NY",3
2022,2,2,3.3641975308641983,-0.07716049382716071,78.41666666666667,ENE,8.359648000000002,0.0,Cloudy,"New York City, NY",3
2022,2,3,7.222222222222222,5.277777777777778,87.54545454545455,S,9.912096,0.002272727272727273,Light Rain,"New York City, NY",3
2022,2,4,2.974537037037036,0.06944444444444445,81.4375,N,19.379184,0.01875,Light Rain,"New York City, NY",3
2022,2,5,-3.511111111111111,-10.733333333333333,58.68,NW,28.51757568,0.0,Cloudy,"New York City, NY",3
2022,2,6,-3.4888888888888894,-11.97777777777778,53.0,NNE,11.265408,0.0,Fair,"New York City, NY",3
2022,2,7,1.8557919621749421,-0.6855791962174942,83.76595744680851,NE,11.950235234042554,0.0,Light Rain,"New York City, NY",3
2022,2,8,3.7698412698412693,-2.182539682539682,67.39285714285714,NW,20.921472,0.0035714285714285718,Cloudy,"New York City, NY",3
2022,2,9,3.3838383838383854,-5.681818181818182,53.13636363636363,S,13.094208000000002,0.0,Fair,"New York City, NY",3
2022,2,10,7.4242424242424265,-3.3333333333333335,52.09090909090909,W,16.605504,0.0,Fair,"New York City, NY",3
2022,2,11,8.712121212121211,-2.87878787878788,45.72727272727273,S,18.141696000000003,0.0,Fair,"New York City, NY",3
2022,2,12,12.045454545454545,-2.9040404040404035,35.77272727272727,W,21.945600000000002,0.0,Mostly Cloudy,"New York City, NY",3
2022,2,13,0.129198966408267,-4.625322997416021,71.55813953488372,N,16.018586790697675,0.002325581395348837,Light Snow,"New York City, NY",3
2022,2,14,-5.2272727272727275,-16.64141414141414,41.40909090909091,NW,28.602432000000004,0.0,Fair,"New York City, NY",3
2022,2,15,-3.7121212121212133,-17.196969696969695,35.95454545454545,NW,17.702784,0.0,Fair,"New York City, NY",3
2022,2,16,3.686868686868685,-3.888888888888889,58.77272727272727,S,16.532352000000003,0.0,Mostly Cloudy,"New York City, NY",3
2022,2,17,12.904040404040403,6.060606060606059,64.04545454545455,S,20.263104000000002,0.004545454545454546,Mostly Cloudy,"New York City, NY",3
2022,2,18,8.354700854700857,-0.7264957264957259,55.11538461538461,NW,32.49636923076923,0.01153846153846154,Mostly Cloudy / Windy,"New York City, NY",3
2022,2,19,0.4115226337448558,-11.049382716049383,43.148148148148145,WNW,28.968192000000002,0.0,Fair,"New York City, NY",3
2022,2,20,-1.6919191919191927,-13.51010101010101,41.27272727272727,NW,20.555712000000003,0.0,Fair,"New York City, NY",3
2022,2,21,5.580808080808081,-4.747474747474748,49.31818181818182,SSW,12.362688,0.0,Fair,"New York City, NY",3
2022,2,22,6.27450980392157,4.166666666666667,86.76470588235294,NE,15.762104470588238,0.0058823529411764705,Cloudy,"New York City, NY",3
2022,2,23,13.285024154589372,4.855072463768116,60.04347826086956,W,24.14016,0.0,Mostly Cloudy,"New York City, NY",3
2022,2,24,-0.1449275362318837,-11.739130434782608,42.43478260869565,N,17.143012173913046,0.0,Mostly Cloudy,"New York City, NY",3
2022,2,25,0.6691919191919184,-3.2575757575757573,76.5,ENE,21.799296000000002,0.03409090909090909,Wintry Mix,"New York City, NY",3
2022,2,26,-0.7323232323232314,-11.212121212121211,46.04545454545455,W,17.410176,0.0,Mostly Cloudy,"New York City, NY",3
2022,2,27,3.743961352657005,-9.758454106280192,38.869565217391305,WSW,26.589161739130436,0.0,Fair,"New York City, NY",3
2022,2,28,-0.22727272727272782,-15.606060606060604,32.36363636363637,NNW,18.726912000000002,0.0,Fair,"New York City, NY",3
2022,3,1,4.444444444444445,-4.545454545454547,54.0,S,15.215616000000002,0.0,Cloudy,"New York City, NY",3
2022,3,2,7.373737373737375,-2.575757575757576,51.81818181818182,NW,16.898112,0.0,Partly Cloudy,"New York City, NY",3
2022,3,3,3.726851851851853,-8.125,44.541666666666664,NW,31.382208000000002,0.0,Fair / Windy,"New York City, NY",3
2022,3,4,-0.9090909090909093,-15.176767676767676,34.63636363636363,NNW,15.215616000000002,0.0,Fair,"New York City, NY",3
2022,3,5,4.0821256038647356,-6.159420289855071,49.0,S,11.125465043478261,0.0,Mostly Cloudy,"New York City, NY",3
2022,3,6,11.358024691358024,6.851851851851853,74.4074074074074,SW,16.391466666666666,0.0,Cloudy,"New York City, NY",3
2022,3,7,18.140096618357493,9.541062801932364,57.78260869565217,SW,21.551215304347828,0.0,Cloudy,"New York City, NY",3
2022,3,8,5.808080808080807,-7.424242424242424,38.90909090909091,NW,29.480256,0.0,Mostly Cloudy,"New York City, NY",3
2022,3,9,2.1234567901234573,-1.3086419753086413,80.0,E,16.2364928,0.02888888888888889,Wintry Mix,"New York City, NY",3
2022,3,10,3.7222222222222237,-1.6296296296296298,71.1,ENE,9.548774400000001,0.0,Mostly Cloudy,"New York City, NY",3
2022,3,11,7.613168724279834,-0.9053497942386832,59.55555555555556,S,11.801856,0.0,Partly Cloudy,"New York City, NY",3
2022,3,12,2.4468085106382986,-1.6548463356973997,75.63829787234043,NW,30.714501446808512,0.01702127659574468,Light Snow / Windy,"New York City, NY",3
2022,3,14,7.474747474747474,-4.7979797979797985,43.18181818181818,SW,15.800832000000002,0.0,Mostly Cloudy,,
2022,3,15,12.550505050505052,-0.7575757575757573,41.22727272727273,S,13.972032,0.0,Mostly Cloudy,"New York City, NY",3
2022,3,16,12.853535353535351,2.8535353535353516,51.36363636363637,SE,12.947904,0.0,Fair,"New York City, NY",3
2022,3,17,8.132716049382715,6.141975308641976,88.75,NE,16.048735999999998,0.002777777777777778,Fog,"New York City, NY",3
2022,3,18,13.730158730158731,9.523809523809526,78.82142857142857,WNW,11.667744,0.0,Mostly Cloudy,"New York City, NY",3
2022,3,19,13.12091503267974,9.607843137254903,80.5,SSE,12.164747294117648,0.0,Fog,"New York City, NY",3
2022,3,20,12.727272727272727,2.9797979797979814,51.86363636363637,W,25.968960000000003,0.0,Mostly Cloudy,"New York City, NY",3
2022,3,21,11.287878787878789,-4.015151515151515,36.40909090909091,WNW,23.701248,0.0,Fair,"New York City, NY",3
2022,3,22,10.32828282828283,-9.393939393939393,25.90909090909091,NW,26.554176000000002,0.0,Mostly Cloudy,"New York City, NY",3
2022,3,23,6.01449275362319,-6.038647342995169,43.17391304347826,NE,18.682384695652175,0.0,Mostly Cloudy,"New York City, NY",3
2022,3,24,6.071428571428573,4.219576719576719,88.0952380952381,NE,26.822400000000005,0.02619047619047619,Light Drizzle,"New York City, NY",3
2022,3,25,10.235042735042732,3.012820512820511,64.84615384615384,W,16.217235692307693,0.0,Mostly Cloudy,"New York City, NY",3
2022,3,26,9.761904761904761,-0.5357142857142863,49.285714285714285,W,18.335026285714285,0.0,Mostly Cloudy,"New York City, NY",3
2022,3,27,4.747474747474748,-5.252525252525252,49.18181818181818,WNW,29.407104000000004,0.0,Mostly Cloudy,"New York City, NY",3
2022,3,28,-2.367149758454106,-15.72463768115942,36.43478260869565,WNW,36.1052827826087,0.0,Mostly Cloudy / Windy,"New York City, NY",3
2022,3,29,-0.15151515151515188,-12.17171717171717,41.5,NW,31.674816000000003,0.0,Partly Cloudy,"New York City, NY",3
2022,3,30,3.4343434343434334,-10.555555555555555,37.45454545454545,S,14.484096000000001,0.0,Mostly Cloudy,"New York City, NY",3
2022,3,31,12.727272727272727,2.9797979797979814,51.86363636363637,W,25.968960000000003,0.0,Mostly Cloudy,"New York City, NY",3
2022,4,1,11.702508960573475,4.1218637992831555,63.16129032258065,WNW,24.503560258064518,0.012903225806451613,Mostly Cloudy,"New York City, NY",3
2022,4,2,7.222222222222222,-5.075757575757576,43.04545454545455,NW,22.750272000000002,0.0,Mostly Cloudy,"New York City, NY",3
2022,4,3,6.9341563786008225,1.9753086419753094,71.14814814814815,S,13.291989333333335,0.0,Light Rain,"New York City, NY",3
2022,4,4,8.333333333333334,-2.702020202020202,47.5,NW,20.628864,0.0,Mostly Cloudy,"New York City, NY",3
2022,4,5,9.600000000000001,-0.39999999999999936,52.16,S,12.10226688,0.0,Cloudy,"New York City, NY",3
2022,4,6,8.823529411764705,6.535947712418301,85.70588235294117,NE,27.21684705882353,0.011764705882352941,Cloudy,"New York City, NY",3
2022,4,7,10.144927536231883,7.681159420289857,84.76086956521739,ESE,27.708705391304346,0.043478260869565216,Cloudy,"New York City, NY",3
2022,4,8,12.60536398467433,4.25287356321839,63.275862068965516,W,16.037945379310344,0.003448275862068966,Fair,"New York City, NY",3
2022,4,9,10.82222222222222,2.4444444444444438,56.92,WSW,16.28656128,0.0,Mostly Cloudy,"New York City, NY",3
2022,4,10,7.9629629629629655,-2.5,48.791666666666664,NW,28.4988,0.0,Mostly Cloudy,"New York City, NY",3
2022,4,11,9.46969696969697,-2.323232323232324,45.54545454545455,S,16.605504,0.0,Mostly Cloudy,"New York City, NY",3
2022,4,12,15.025252525252528,4.621212121212122,52.18181818181818,WNW,13.094208000000002,0.0,Fair,"New York City, NY",3
2022,4,13,15.32828282828283,8.131313131313128,63.09090909090909,NE,12.728448,0.0,Mostly Cloudy,"New York City, NY",3
2022,4,14,16.38888888888889,9.60648148148148,65.16666666666667,NE,17.568672,0.004166666666666667,Mostly Cloudy,"New York City, NY",3
2022,4,15,15.454545454545455,-3.914141414141415,28.681818181818183,S,20.043648,0.0,Fair,"New York City, NY",3
2022,4,16,14.421296296296298,2.0833333333333335,46.208333333333336,SSW,21.659088000000004,0.004166666666666667,Mostly Cloudy,"New York City, NY",3
2022,4,17,7.904040404040403,-4.545454545454547,44.0,NW,26.33472,0.0,Fair,"New York City, NY",3
2022,4,18,7.731481481481479,-2.7083333333333335,49.583333333333336,ENE,20.921472,0.025000000000000005,Cloudy,"New York City, NY",3
2022,4,19,7.336601307189541,1.2091503267973873,68.82352941176471,WNW,32.66021647058824,0.058823529411764705,Light Rain / Windy,"New York City, NY",3
2022,4,20,10.202020202020204,-3.888888888888889,38.90909090909091,WNW,20.84832,0.0,Fair,"New York City, NY",3
2022,4,21,10.883838383838386,2.8787878787878776,59.90909090909091,S,20.1168,0.0,Mostly Cloudy,"New York City, NY",3
2022,4,22,15.580808080808083,0.5303030303030296,39.90909090909091,NW,18.361152,0.0,Fair,"New York City, NY",3
2022,4,23,12.777777777777779,0.5303030303030296,44.04545454545455,S,11.923776,0.0,Mostly Cloudy,"New York City, NY",3
2022,4,24,12.367149758454106,0.9178743961352649,47.73913043478261,SE,16.23338295652174,0.0,Mostly Cloudy,"New York City, NY",3
2022,4,25,10.909090909090907,1.7171717171717187,54.18181818181818,ENE,15.288768000000001,0.0,Cloudy,"New York City, NY",3
2022,4,26,11.559139784946236,8.136200716845881,79.96774193548387,NE,15.055153548387098,0.0,Cloudy,"New York City, NY",3
2022,4,27,10.410628019323672,-1.4975845410628017,45.34782608695652,NW,33.93616695652174,0.0,Mostly Cloudy / Windy,"New York City, NY",3
2022,4,28,8.939393939393941,-8.308080808080808,32.09090909090909,NW,34.89350400000001,0.0,Fair / Windy,"New York City, NY",3
2022,4,29,11.237373737373737,-11.540404040404042,20.772727272727273,NNW,28.163520000000002,0.0,Fair,"New York City, NY",3
2022,4,30,10.202020202020204,-3.888888888888889,38.90909090909091,WNW,20.84832,0.0,Fair,"New York City, NY",3
2022,5,1,13.813131313131315,0.7323232323232334,44.09090909090909,S,14.337792,0.0,Mostly Cloudy,"New York City, NY",3
2022,5,2,11.43719806763285,8.61111111111111,83.17391304347827,NE,17.457883826086956,0.030434782608695653,Cloudy,"New York City, NY",3
2022,5,3,12.41830065359477,7.810457516339871,74.20588235294117,NE,15.052099764705885,0.0,Mostly Cloudy,"New York City, NY",3
2022,5,4,12.40143369175627,9.372759856630823,82.25806451612904,NE,10.382864516129032,0.0032258064516129032,Light Rain,"New York City, NY",3
2022,5,5,17.348484848484848,6.464646464646463,51.22727272727273,N,14.849856,0.0,Mostly Cloudy,"New York City, NY",3
2022,5,6,12.921810699588478,8.88888888888889,77.48148148148148,E,13.470805333333335,0.03333333333333333,Light Rain,"New York City, NY",3
2022,5,7,9.797979797979796,6.464646464646463,80.24242424242425,ENE,30.138624,0.039393939393939405,Light Rain,"New York City, NY",3
2022,5,8,11.237373737373737,-1.0101010101010093,44.68181818181818,ENE,28.89504,0.0,Mostly Cloudy,"New York City, NY",3
2022,5,9,14.24242424242424,-5.025252525252526,27.227272727272727,ENE,25.310592,0.0,Partly Cloudy,"New York City, NY",3
2022,5,10,15.631313131313128,-2.272727272727272,30.772727272727273,NE,23.993856,0.0,Fair,"New York City, NY",3
2022,5,11,16.73611111111111,2.476851851851853,39.5,NE,16.294608,0.0,Mostly Cloudy,"New York City, NY",3
2022,5,12,17.24074074074074,12.388888888888888,73.4,NE,15.074188800000002,0.0,Cloudy,"New York City, NY",3
2022,5,13,15.634920634920636,13.718820861678005,88.65306122448979,NE,14.122814693877551,0.0,Fog,"New York City, NY",3
2022,5,14,17.548309178743963,15.350241545893718,87.43478260869566,S,9.79600695652174,0.004347826086956522,Fog,"New York City, NY",3
2022,5,15,18.65079365079365,15.190476190476192,81.45714285714286,S,9.610082742857143,0.0,Mostly Cloudy,"New York City, NY",3
2022,5,16,20.793650793650798,15.892857142857142,73.64285714285714,S,15.978486857142858,0.024999999999999998,Mostly Cloudy,"New York City, NY",3
2022,5,17,19.603174603174605,5.7142857142857135,42.76190476190476,NW,24.446701714285716,0.0,Fair,"New York City, NY",3
2022,5,18,17.6010101010101,4.116161616161615,42.68181818181818,NW,18.507456,0.0,Mostly Cloudy,"New York City, NY",3
2022,5,19,14.504504504504503,11.231231231231233,81.45945945945945,ENE,11.13492064864865,0.04054054054054054,Light Rain,"New York City, NY",3
2022,5,20,15.599999999999998,13.311111111111112,86.4,NE,12.198827520000002,0.014000000000000002,Cloudy,"New York City, NY",3
2022,5,21,22.44047619047619,16.686507936507937,73.71428571428571,S,8.79391542857143,0.0,Fog,"New York City, NY",3
2022,5,22,27.577777777777776,17.4,54.64,S,14.484096000000001,0.0,Mostly Cloudy,"New York City, NY",3
2022,5,23,19.629629629629626,7.1296296296296315,45.958333333333336,N,19.312128,0.0,Mostly Cloudy,"New York City, NY",3
2022,5,24,16.565656565656568,8.25757575757576,58.18181818181818,NE,18.361152,0.0,Mostly Cloudy,"New York City, NY",3
2022,5,25,16.186868686868685,6.969696969696971,55.36363636363637,S,13.313664000000001,0.0,Mostly Cloudy,"New York City, NY",3
2022,5,26,17.414529914529915,10.897435897435896,66.03846153846153,S,16.77431630769231,0.0,Mostly Cloudy,"New York City, NY",3
2022,5,27,19.796747967479675,16.897018970189702,83.7560975609756,S,15.543907902439026,0.004878048780487805,Mostly Cloudy,"New York City, NY",3
2022,5,28,20.770609318996417,16.093189964157705,75.38709677419355,S,13.082409290322582,0.0064516129032258064,Cloudy,"New York City, NY",3
2022,5,29,20.821256038647345,11.400966183574878,56.26086956521739,S,8.816406260869567,0.0,Fair,"New York City, NY",3
2022,5,30,24.469696969696972,14.949494949494948,56.68181818181818,S,12.8016,0.0,Partly Cloudy,"New York City, NY",3
2022,5,31,15.599999999999998,13.311111111111112,86.4,NE,12.198827520000002,0.014000000000000002,Cloudy,"New York City, NY",3
2022,6,1,16.56156156156156,12.92792792792793,79.21621621621621,NE,18.790178594594597,0.06216216216216217,Cloudy,"New York City, NY",3
2022,6,2,20.420054200542,17.235772357723576,82.85365853658537,NE,12.717742829268293,0.03170731707317073,Cloudy,"New York City, NY",3
2022,6,3,19.208754208754208,15.555555555555555,80.66666666666667,NE,13.898880000000002,0.0,Mostly Cloudy,"New York City, NY",3
2022,6,4,22.063492063492063,11.269841269841269,52.095238095238095,S,11.112137142857144,0.0,Fair,"New York City, NY",3
2022,6,5,19.949494949494948,3.560606060606059,34.63636363636363,S,11.996928,0.0,Partly Cloudy,"New York City, NY",3
2022,6,6,22.75252525252525,6.010101010101011,34.68181818181818,CALM,10.533888000000001,0.0,Fair,"New York City, NY",3
2022,6,7,21.489898989898993,12.727272727272727,58.0,S,24.87168,0.0,Mostly Cloudy,"New York City, NY",3
2022,6,8,23.763440860215056,15.842293906810035,65.38709677419355,S,16.041525677419354,0.0,Partly Cloudy,"New York City, NY",3
2022,6,9,23.274853801169588,16.75438596491228,70.36842105263158,S,22.319060210526317,0.05000000000000001,Mostly Cloudy,"New York City, NY",3
2022,6,10,22.2979797979798,8.459595959595958,42.77272727272727,WNW,17.044416000000002,0.0,Mostly Cloudy,"New York City, NY",3
2022,6,11,21.180555555555557,11.78240740740741,55.541666666666664,NE,12.472416,0.020833333333333332,Mostly Cloudy,"New York City, NY",3
2022,6,12,20.351851851851855,15.555555555555555,74.16666666666667,S,16.737177600000003,0.0,Mostly Cloudy,"New York City, NY",3
2022,6,13,25.115740740740737,17.546296296296298,64.70833333333333,CALM,9.253728,0.0,Mostly Cloudy,"New York City, NY",3
2022,6,14,23.510101010101007,10.580808080808081,44.54545454545455,NE,10.826496,0.0,Mostly Cloudy,"New York City, NY",3
2022,6,15,22.575757575757578,13.535353535353538,57.09090909090909,S,16.020288,0.0,Partly Cloudy,"New York City, NY",3
2022,6,16,20.42145593869732,14.865900383141764,70.48275862068965,S,19.756084965517243,0.013793103448275864,Cloudy,"New York City, NY",3
2022,6,17,25.843621399176957,15.925925925925924,58.111111111111114,SSW,19.014101333333336,0.0,Cloudy,"New York City, NY",3
2022,6,18,19.494949494949495,8.080808080808081,47.81818181818182,NNW,31.894272,0.0,Mostly Cloudy / Windy,"New York City, NY",3
2022,6,19,18.13131313131313,3.3080808080808075,39.04545454545455,NW,26.407872000000005,0.0,Partly Cloudy,"New York City, NY",3
2022,6,20,21.489898989898993,5.404040404040404,36.63636363636363,WNW,15.288768000000001,0.0,Mostly Cloudy,"New York City, NY",3
2022,6,21,21.287878787878785,10.909090909090907,52.95454545454545,ENE,10.094976,0.0,Mostly Cloudy,"New York City, NY",3
2022,6,22,18.61111111111111,14.666666666666666,77.76666666666667,SSE,17.541849600000003,0.0,Cloudy,"New York City, NY",3
2022,6,23,19.40972222222222,14.496527777777779,74.375,E,14.282928000000002,0.0,Mostly Cloudy,"New York City, NY",3
2022,6,24,21.666666666666668,15.773809523809526,70.85714285714286,CALM,8.161673142857143,0.0,Partly Cloudy,"New York City, NY",3
2022,6,25,26.616161616161616,15.227272727272727,52.31818181818182,WNW,11.631168,0.0,Fair,"New York City, NY",3
2022,6,26,27.342995169082126,15.434782608695652,49.78260869565217,S,14.204210086956522,0.0,Partly Cloudy,"New York City, NY",3
2022,6,27,23.6965811965812,18.44017094017094,72.6923076923077,SSW,14.545993846153847,0.04615384615384616,Cloudy,"New York City, NY",3
2022,6,28,22.424242424242422,9.823232323232324,45.45454545454545,NNW,12.947904,0.0,Mostly Cloudy,"New York City, NY",3
2022,6,29,24.21717171717172,12.575757575757573,50.59090909090909,S,12.143232000000001,0.0,Partly Cloudy,"New York City, NY",3
2022,6,30,21.489898989898993,5.404040404040404,36.63636363636363,WNW,15.288768000000001,0.0,Mostly Cloudy,"New York City, NY",3
2022,7,1,29.282407407407405,18.217592592592595,52.083333333333336,SW,16.965168,0.0,Mostly Cloudy,"New York City, NY",3
2022,7,2,28.63636363636364,18.86363636363636,56.36363636363637,SW,14.776704,0.0,Mostly Cloudy,"New York City, NY",3
2022,7,3,26.616161616161616,12.5,44.54545454545455,NE,13.16736,0.0,Mostly Cloudy,"New York City, NY",3
2022,7,4,25.65656565656566,8.25757575757576,34.36363636363637,NW,9.948672,0.0,Fair,"New York City, NY",3
2022,7,5,25.311111111111114,15.088888888888887,55.04,S,19.6339968,0.0,Mostly Cloudy,"New York City, NY",3
2022,7,6,26.355555555555554,17.666666666666668,60.2,NW,17.252167680000003,0.0,Mostly Cloudy,"New York City, NY",3
2022,7,7,23.68686868686869,16.186868686868685,63.5,NE,17.702784,0.0,Mostly Cloudy,"New York City, NY",3
2022,7,8,23.634259259259263,17.80092592592593,70.70833333333333,S,10.661904,0.016666666666666666,Mostly Cloudy,"New York City, NY",3
2022,7,9,25.2020202020202,14.292929292929292,51.95454545454545,ENE,11.777472000000001,0.0,Mostly Cloudy,"New York City, NY",3
2022,7,10,22.77777777777778,11.01851851851852,48.708333333333336,NE,17.09928,0.0,Partly Cloudy,"New York City, NY",3
2022,7,11,24.36868686868687,12.92929292929293,49.81818181818182,S,19.01952,0.0,Fair,"New York City, NY",3
2022,7,12,26.944444444444443,17.96296296296296,58.75,SSW,20.183856,0.0,Partly Cloudy,"New York City, NY",3
2022,7,13,28.23232323232323,15.580808080808083,47.95454545454545,S,12.874752,0.0,Partly Cloudy,"New York City, NY",3
2022,7,14,26.89393939393939,15.631313131313128,52.40909090909091,NE,12.582144000000001,0.0,Mostly Cloudy,"New York City, NY",3
2022,7,15,25.505050505050505,13.813131313131315,49.22727272727273,NE,14.776704,0.0,Mostly Cloudy,"New York City, NY",3
2022,7,16,24.08045977011494,18.46743295019157,71.27586206896552,NE,13.762665931034483,0.03793103448275863,Mostly Cloudy,"New York City, NY",3
2022,7,17,26.085858585858585,18.762626262626256,64.31818181818181,S,11.850624,0.0,Mostly Cloudy,"New York City, NY",3
2022,7,18,26.333333333333336,21.52777777777778,75.175,S,15.972739200000003,0.0075000000000000015,Mostly Cloudy,"New York City, NY",3
2022,7,19,29.14141414141414,17.14646464646465,50.09090909090909,W,20.702016,0.0,Partly Cloudy,"New York City, NY",3
2022,7,20,31.473429951690825,18.23671497584541,45.52173913043478,S,13.714409739130437,0.0,Fair,"New York City, NY",3
2022,7,21,29.403292181069958,20.267489711934154,60.148148148148145,SSW,17.82199466666667,0.022222222222222227,Mostly Cloudy,"New York City, NY",3
2022,7,22,29.81481481481482,16.689814814814813,46.583333333333336,NW,13.478256000000002,0.0,Fair,"New York City, NY",3
2022,7,23,30.530303030303028,16.79292929292929,45.40909090909091,W,12.874752,0.0,Fair,"New York City, NY",3
2022,7,24,31.93236714975846,16.956521739130434,41.65217391304348,SW,17.702784,0.0,Mostly Cloudy,"New York City, NY",3
2022,7,25,28.489583333333332,21.25,65.15625,SSW,16.395192,0.06875,Mostly Cloudy,"New York City, NY",3
2022,7,26,25.092592592592595,13.449074074074076,50.125,W,13.478256000000002,0.0,Mostly Cloudy,"New York City, NY",3
2022,7,27,25.429292929292924,14.949494949494948,53.68181818181818,S,13.386816000000001,0.0,Mostly Cloudy,"New York City, NY",3
2022,7,28,27.28888888888889,20.977777777777778,69.36,S,15.4497024,0.004,Mostly Cloudy,"New York City, NY",3
2022,7,29,27.575757575757578,17.373737373737374,55.18181818181818,WNW,12.947904,0.0,Mostly Cloudy,"New York City, NY",3
2022,7,30,27.22222222222222,13.838383838383837,45.5,NNW,17.337024000000003,0.0,Partly Cloudy,"New York City, NY",3
2022,7,31,31.473429951690825,18.23671497584541,45.52173913043478,S,13.714409739130437,0.0,Fair,"New York City, NY",3
2022,8,1,22.242798353909464,18.415637860082306,79.14814814814815,NE,11.325013333333334,0.011111111111111113,Light Rain,"New York City, NY",3
2022,8,2,27.878787878787882,18.333333333333332,58.63636363636363,S,13.459968,0.0,Mostly Cloudy,"New York City, NY",3
2022,8,3,27.2979797979798,16.565656565656568,53.68181818181818,S,14.630400000000002,0.0,Fair,"New York City, NY",3
2022,8,4,29.7979797979798,18.81313131313131,52.40909090909091,S,14.923008000000001,0.0,Fair,"New York City, NY",3
2022,8,5,29.318181818181813,18.68686868686869,53.0,SSW,13.021056000000002,0.0,Mostly Cloudy,"New York City, NY",3
2022,8,6,29.87373737373737,19.166666666666668,53.18181818181818,SSW,14.923008000000001,0.0,Mostly Cloudy,"New York City, NY",3
2022,8,7,29.55938697318008,21.34099616858237,62.03448275862069,SW,17.813773241379312,0.05172413793103448,Mostly Cloudy,"New York City, NY",3
2022,8,8,30.328282828282834,21.36363636363636,59.54545454545455,SW,19.824192,0.0,Partly Cloudy,"New York City, NY",3
2022,8,9,31.20370370370371,21.504629629629626,57.833333333333336,W,15.221712000000002,0.008333333333333333,Mostly Cloudy,"New York City, NY",3
2022,8,10,26.666666666666668,17.22222222222222,56.63636363636363,S,13.679424000000001,0.0,Mostly Cloudy,"New York City, NY",3
2022,8,11,26.76767676767677,17.550505050505052,60.63636363636363,S,11.192256,0.004545454545454546,Mostly Cloudy,"New York City, NY",3
2022,8,12,25.32828282828283,9.924242424242427,39.63636363636363,N,17.995392000000002,0.0,Mostly Cloudy,"New York City, NY",3
2022,8,13,22.803030303030305,8.712121212121211,41.36363636363637,N,14.630400000000002,0.0,Fair,"New York City, NY",3
2022,8,14,24.09090909090909,10.151515151515152,42.13636363636363,S,14.118336000000001,0.0,Fair,"New York City, NY",3
2022,8,15,24.545454545454547,12.3989898989899,47.36363636363637,SSE,10.607040000000001,0.0,Mostly Cloudy,"New York City, NY",3
2022,8,16,23.737373737373744,13.409090909090907,54.04545454545455,NE,14.703552000000002,0.0,Mostly Cloudy,"New York City, NY",3
2022,8,17,23.244444444444447,12.866666666666665,52.96,NNE,12.16664064,0.02,Mostly Cloudy,"New York City, NY",3
2022,8,18,24.696969696969695,12.878787878787879,50.04545454545455,W,12.655296,0.0,Fair,"New York City, NY",3
2022,8,19,26.792929292929298,13.712121212121211,45.36363636363637,S,13.16736,0.0,Fair,"New York City, NY",3
2022,8,20,27.878787878787882,16.54040404040404,50.81818181818182,S,11.631168,0.0,Mostly Cloudy,"New York City, NY",3
2022,8,21,25.33333333333333,18.466666666666665,66.4,SSE,14.54846976,0.0,Mostly Cloudy,"New York City, NY",3
2022,8,22,24.587301587301585,20.269841269841265,76.94285714285714,SE,12.322976914285716,0.02,Cloudy,"New York City, NY",3
2022,8,23,26.004273504273506,19.03846153846154,68.38461538461539,NE,12.75095630769231,0.0,Mostly Cloudy,"New York City, NY",3
2022,8,24,27.62626262626263,14.797979797979796,47.59090909090909,WNW,14.484096000000001,0.0,Fair,"New York City, NY",3
2022,8,25,27.90404040404041,14.343434343434344,44.68181818181818,S,12.143232000000001,0.0,Fair,"New York City, NY",3
2022,8,26,27.703703703703702,19.629629629629626,61.766666666666666,S,15.4497024,0.02,Mostly Cloudy,"New York City, NY",3
2022,8,27,27.22222222222222,17.196969696969695,55.0,E,10.899648000000001,0.0,Mostly Cloudy,"New York City, NY",3
2022,8,28,24.061302681992338,19.00383141762452,73.55172413793103,ENE,17.14783779310345,0.0,Mostly Cloudy,"New York City, NY",3
2022,8,29,26.51111111111111,20.33333333333333,69.52,S,15.32095488,0.0,Mostly Cloudy,"New York City, NY",3
2022,8,30,26.790123456790127,20.473251028806583,69.07407407407408,S,18.358442666666665,0.0,Partly Cloudy,"New York City, NY",3
2022,8,31,27.878787878787882,16.54040404040404,50.81818181818182,S,11.631168,0.0,Mostly Cloudy,"New York City, NY",3
2022,9,1,26.041666666666668,9.004629629629632,35.166666666666664,WNW,20.854416000000004,0.0,Fair,"New York City, NY",3
2022,9,2,21.161616161616163,10.959595959595958,52.5,NE,16.898112,0.0,Fair,"New York City, NY",3
2022,9,3,23.15656565656566,14.949494949494948,60.63636363636363,S,11.411712000000001,0.0,Mostly Cloudy,"New York City, NY",3
2022,9,4,26.11111111111111,18.181818181818187,62.45454545454545,SSW,10.607040000000001,0.0,Mostly Cloudy,"New York City, NY",3
2022,9,5,25.67632850241546,19.516908212560388,69.69565217391305,S,14.344153043478261,0.0,Mostly Cloudy,"New York City, NY",3
2022,9,6,22.3015873015873,19.12698412698413,82.30952380952381,ENE,13.794377142857144,0.04523809523809526,Light Rain,"New York City, NY",3
2022,9,7,20.79861111111111,15.989583333333334,74.40625,ENE,24.391620000000003,0.0,Cloudy,"New York City, NY",3
2022,9,8,21.688888888888894,13.68888888888889,60.96,ENE,12.2310144,0.0,Partly Cloudy,"New York City, NY",3
2022,9,9,21.944444444444443,12.373737373737375,57.0,NE,15.142464,0.0,Fair,"New York City, NY",3
2022,9,10,24.242424242424242,12.272727272727273,50.18181818181818,S,9.217152,0.0,Mostly Cloudy,"New York City, NY",3
2022,9,11,21.877394636015325,16.85823754789272,73.89655172413794,ENE,9.489580137931034,0.0,Light Rain,"New York City, NY",3
2022,9,12,23.353174603174605,19.166666666666668,77.96428571428571,NE,10.863072,0.010714285714285716,Mostly Cloudy,"New York City, NY",3
2022,9,13,24.017094017094013,18.774928774928775,74.41025641025641,NE,12.585895384615386,0.17948717948717952,Mostly Cloudy,"New York City, NY",3
2022,9,14,23.030303030303028,12.020202020202017,50.31818181818182,WNW,18.653760000000002,0.0,Fair,"New York City, NY",3
2022,9,15,20.90909090909091,7.954545454545455,44.59090909090909,NNW,18.068544,0.0,Fair,"New York City, NY",3
2022,9,16,19.974747474747474,5.353535353535352,39.72727272727273,NNE,8.997696000000001,0.0,Fair,"New York City, NY",3
2022,9,17,20.60606060606061,12.3989898989899,59.72727272727273,S,14.996160000000001,0.0,Mostly Cloudy,"New York City, NY",3
2022,9,18,24.469696969696972,14.74747474747475,56.0,SW,17.410176,0.0,Partly Cloudy,"New York City, NY",3
2022,9,19,24.927536231884055,15.579710144927535,57.43478260869565,WSW,15.743582608695654,0.004347826086956522,Mostly Cloudy,"New York City, NY",3
2022,9,20,23.23232323232323,14.419191919191917,58.36363636363637,NW,19.092672,0.0,Fair,"New York City, NY",3
2022,9,21,22.121212121212118,13.838383838383837,60.31818181818182,S,11.045952,0.0,Fair,"New York City, NY",3
2022,9,22,21.037037037037035,14.648148148148149,67.6,NW,21.994368,0.013333333333333334,Mostly Cloudy,"New York City, NY",3
2022,9,23,14.31818181818182,2.9292929292929295,47.72727272727273,NW,32.113728,0.0,Fair,"New York City, NY",3
2022,9,24,15.984848484848486,3.585858585858585,44.72727272727273,WNW,15.508224000000002,0.0,Fair,"New York City, NY",3
2022,9,25,18.806584362139915,11.419753086419753,63.18518518518518,S,15.735808000000002,0.055555555555555566,Mostly Cloudy,"New York City, NY",3
2022,9,26,20.176767676767675,9.595959595959597,53.59090909090909,WSW,18.141696000000003,0.0,Fair,"New York City, NY",3
2022,9,27,19.040404040404034,6.237373737373737,43.40909090909091,WSW,15.654528,0.0,Partly Cloudy,"New York City, NY",3
2022,9,28,17.3989898989899,7.626262626262625,53.36363636363637,WNW,15.947136,0.0,Fair,"New York City, NY",3
2022,9,29,16.01010101010101,6.035353535353537,52.13636363636363,NNE,18.726912000000002,0.0,Mostly Cloudy,"New York City, NY",3
2022,9,30,23.23232323232323,14.419191919191917,58.36363636363637,NW,19.092672,0.0,Fair,"New York City, NY",3
2022,10,1,14.666666666666666,11.166666666666666,79.53333333333333,NNE,27.7880064,0.02333333333333333,Light Rain,"New York City, NY",3
2022,10,2,14.396135265700483,6.376811594202899,59.34782608695652,NE,37.15485495652174,0.0,Cloudy / Windy,"New York City, NY",3
2022,10,3,11.035353535353538,4.040404040404041,62.68181818181818,NNE,30.504384,0.009090909090909092,Light Rain,"New York City, NY",3
2022,10,4,10.761904761904763,8.174603174603176,84.14285714285714,NNE,25.24371017142857,0.06857142857142857,Light Rain,"New York City, NY",3
2022,10,5,13.747276688453159,11.633986928104573,87.11764705882354,N,17.923674352941177,0.03333333333333334,Cloudy,"New York City, NY",3
2022,10,6,18.59903381642512,8.333333333333334,53.91304347826087,NW,6.7872333913043486,0.0,Partly Cloudy,"New York City, NY",3
2022,10,7,20.227272727272727,9.696969696969695,52.59090909090909,W,13.679424000000001,0.0,Fair,"New York City, NY",3
2022,10,8,12.5,2.2727272727272743,50.59090909090909,NNW,18.873216,0.0,Fair,"New York City, NY",3
2022,10,9,13.333333333333334,1.1352657004830904,45.0,WSW,13.784381217391305,0.0,Fair,"New York City, NY",3
2022,10,10,16.48989898989899,2.2979797979797962,39.86363636363637,SW,11.923776,0.0,Mostly Cloudy,"New York City, NY",3
2022,10,11,16.994949494949495,6.86868686868687,52.86363636363637,WNW,8.851392,0.0,Fair,"New York City, NY",3
2022,10,12,17.82828282828283,7.247474747474748,51.22727272727273,S,12.8016,0.0,Mostly Cloudy,"New York City, NY",3
2022,10,13,18.9426523297491,15.483870967741934,80.6774193548387,S,21.077214967741938,0.02258064516129032,Cloudy,"New York City, NY",3
2022,10,14,15.07936507936508,7.599206349206351,64.85714285714286,NW,15.116338285714287,0.017857142857142856,Fair,"New York City, NY",3
2022,10,15,16.43939393939394,6.717171717171719,55.0,S,13.313664000000001,0.0,Fair,"New York City, NY",3
2022,10,16,16.06060606060606,6.060606060606059,53.68181818181818,NW,7.168896,0.0,Mostly Cloudy,"New York City, NY",3
2022,10,17,16.419753086419753,10.637860082304526,69.37037037037037,S,12.755541333333333,0.003703703703703704,Mostly Cloudy,"New York City, NY",3
2022,10,18,11.843434343434344,-1.0353535353535352,41.68181818181818,W,17.922240000000002,0.0,Mostly Cloudy,"New York City, NY",3
2022,10,19,10.025252525252526,-1.9191919191919184,44.13636363636363,WSW,17.629632,0.0,Fair,"New York City, NY",3
2022,10,20,11.590909090909093,-1.4646464646464648,42.45454545454545,SW,20.336256000000002,0.0,Fair,"New York City, NY",3
2022,10,21,13.661616161616163,0.6060606060606075,43.81818181818182,CALM,8.41248,0.0,Fair,"New York City, NY",3
2022,10,22,14.67171717171717,4.621212121212122,53.04545454545455,CALM,6.949440000000001,0.0,Fair,"New York City, NY",3
2022,10,23,9.082125603864736,3.8405797101449264,55.130434782608695,NE,17.492869565217394,0.0,Mostly Cloudy,"New York City, NY",3
2022,10,24,14.78319783197832,12.804878048780488,87.95121951219512,NE,22.609320585365854,0.012195121951219513,Cloudy,"New York City, NY",3
2022,10,25,17.26388888888889,15.902777777777779,91.775,NE,12.110313600000001,0.0,Fog,"New York City, NY",3
2022,10,26,18.49002849002849,16.096866096866094,86.43589743589743,NE,8.665698461538463,0.0,Fog,"New York City, NY",3
2022,10,27,15.959595959595958,4.57070707070707,48.72727272727273,N,22.530816,0.0,Fair,"New York City, NY",3
2022,10,28,10.909090909090907,0.37878787878787773,49.22727272727273,ENE,17.775936,0.0,Mostly Cloudy,"New York City, NY",3
2022,10,29,10.934343434343434,2.626262626262626,57.68181818181818,NNE,10.168128000000001,0.0,Fair,"New York City, NY",3
2022,10,30,12.878787878787879,2.8030303030303036,53.95454545454545,CALM,6.364224,0.0,Mostly Cloudy,"New York City, NY",3
2022,10,31,11.590909090909093,-1.4646464646464648,42.45454545454545,SW,20.336256000000002,0.0,Fair,"New York City, NY",3
2022,11,1,16.666666666666668,13.247863247863247,80.87179487179488,S,12.379569230769231,0.005128205128205128,Cloudy,"New York City, NY",3
2022,11,2,17.5,7.676767676767677,54.86363636363637,NNW,9.875520000000002,0.0,Fair,"New York City, NY",3
2022,11,3,15.303030303030305,8.207070707070708,64.36363636363636,SSE,8.997696000000001,0.0,Fair,"New York City, NY",3
2022,11,4,14.944444444444445,11.722222222222221,82.43333333333334,ENE,9.4414848,0.0,Fog,"New York City, NY",3
2022,11,5,19.87373737373737,15.0,74.22727272727273,S,17.55648,0.0,Mostly Cloudy,"New York City, NY",3
2022,11,6,20.18518518518518,15.8994708994709,76.76190476190476,S,12.874752,0.0,Mostly Cloudy,"New York City, NY",3
2022,11,7,21.212121212121215,7.3989898989899,47.31818181818182,WNW,20.555712000000003,0.0,Fair,"New York City, NY",3
2022,11,8,11.464646464646462,-4.015151515151515,35.13636363636363,N,21.652992,0.0,Fair,"New York City, NY",3
2022,11,9,8.585858585858585,-1.4646464646464648,50.36363636363637,NNE,11.484864000000002,0.0,Fair,"New York City, NY",3
2022,11,10,14.191919191919192,7.651515151515152,65.68181818181819,SSW,9.875520000000002,0.0,Fair,"New York City, NY",3
2022,11,11,18.379629629629626,16.238425925925924,87.39583333333333,S,19.882104,0.07083333333333335,Light Rain,"New York City, NY",3
2022,11,12,19.444444444444443,13.993055555555555,72.5625,S,21.575268,0.00625,Cloudy,"New York City, NY",3
2022,11,13,10.427350427350426,3.311965811965811,62.76923076923077,WNW,25.378116923076927,0.0,Mostly Cloudy,"New York City, NY",3
2022,11,14,5.606060606060607,-4.57070707070707,48.54545454545455,WNW,21.433536,0.0,Fair,"New York City, NY",3
2022,11,15,5.427350427350426,-1.6025641025641018,61.65384615384615,NE,21.41665476923077,0.023076923076923075,Cloudy,"New York City, NY",3
2022,11,16,7.296296296296295,2.537037037037039,73.76666666666667,WNW,26.9833344,0.0033333333333333335,Mostly Cloudy,"New York City, NY",3
2022,11,17,5.378787878787878,-5.176767676767676,47.40909090909091,W,25.676352,0.0,Partly Cloudy,"New York City, NY",3
2022,11,18,4.444444444444445,-7.12121212121212,44.45454545454545,W,26.188416000000004,0.0,Fair,"New York City, NY",3
2022,11,19,2.7020202020202038,-9.419191919191919,41.63636363636363,W,18.068544,0.0,Fair,"New York City, NY",3
2022,11,20,1.8840579710144922,-12.318840579710146,35.08695652173913,WNW,30.437593043478266,0.0,Partly Cloudy / Windy,"New York City, NY",3
2022,11,21,2.2474747474747483,-11.616161616161614,36.63636363636363,SW,17.55648,0.0,Fair,"New York City, NY",3
2022,11,22,7.550505050505052,-6.035353535353535,38.31818181818182,SW,13.898880000000002,0.0,Fair,"New York City, NY",3
2022,11,23,9.696969696969695,-4.646464646464646,36.72727272727273,W,12.655296,0.0,Fair,"New York City, NY",3
2022,11,24,8.308080808080808,0.8585858585858593,60.09090909090909,SSW,10.168128000000001,0.0,Fair,"New York City, NY",3
2022,11,25,9.953703703703702,3.587962962962964,66.16666666666667,SSW,21.12264,0.0,Cloudy,"New York City, NY",3
2022,11,26,10.075757575757573,-3.409090909090909,39.68181818181818,NW,20.921472,0.0,Fair,"New York City, NY",3
2022,11,27,11.255144032921812,4.423868312757201,65.48148148148148,S,16.451072,0.02962962962962963,Light Rain,"New York City, NY",3
2022,11,28,10.377777777777778,2.7777777777777777,59.8,NW,26.650736639999998,0.0,Fair,"New York City, NY",3
2022,11,29,4.814814814814813,-2.7777777777777777,58.416666666666664,NNW,9.454896000000002,0.0,Mostly Cloudy,"New York City, NY",3
2022,11,30,1.8840579710144922,-12.318840579710146,35.08695652173913,WNW,30.437593043478266,0.0,Partly Cloudy / Windy,"New York City, NY",3
2022,12,1,4.444444444444445,-7.904040404040403,40.95454545454545,WNW,27.651456000000003,0.0,Fair,"New York City, NY",3
2022,12,2,4.090909090909093,-5.6313131313131315,49.90909090909091,S,10.753344,0.0,Fair,"New York City, NY",3
2022,12,3,12.203703703703704,7.6111111111111125,74.56666666666666,SSW,21.779788800000002,0.02333333333333333,Cloudy,"New York City, NY",3
2022,12,4,5.782828282828281,-6.4393939393939394,41.86363636363637,WNW,15.654528,0.0,Fair,"New York City, NY",3
2022,12,5,5.628019323671498,-4.855072463768116,49.56521739130435,S,8.816406260869567,0.0,Fair,"New York City, NY",3
2022,12,6,12.147147147147146,9.33933933933934,83.10810810810811,SSE,18.355220756756758,0.06216216216216217,Light Rain,"New York City, NY",3
2022,12,7,13.875338753387533,12.127371273712736,89.14634146341463,S,13.03176117073171,0.012195121951219513,Light Drizzle,"New York City, NY",3
2022,12,8,10.075757575757573,2.7020202020202038,60.54545454545455,NNW,18.946368000000003,0.0,Mostly Cloudy,"New York City, NY",3
2022,12,9,4.267676767676766,-5.303030303030304,51.04545454545455,N,18.141696000000003,0.0,Fair,"New York City, NY",3
2022,12,10,2.1990740740740753,-5.462962962962962,57.791666666666664,ENE,17.166336,0.0,Fair,"New York City, NY",3
2022,12,11,3.0555555555555554,-0.7592592592592595,76.46666666666667,ENE,20.8678272,0.010000000000000002,Cloudy,"New York City, NY",3
2022,12,12,1.2222222222222239,-3.4222222222222225,71.88,N,19.05463296,0.0,Mostly Cloudy,"New York City, NY",3
2022,12,13,0.9090909090909073,-7.87878787878788,53.81818181818182,NNW,18.507456,0.0,Fair,"New York City, NY",3
2022,12,14,1.6414141414141408,-7.752525252525252,50.81818181818182,NNW,21.726144,0.0,Fair,"New York City, NY",3
2022,12,15,4.157088122605366,-0.21072796934865956,73.62068965517241,ENE,23.25224606896552,0.02413793103448276,Cloudy,"New York City, NY",3
2022,12,16,5.712250712250714,3.51851851851852,85.84615384615384,ENE,32.55826707692308,0.01282051282051282,Light Rain / Windy,"New York City, NY",3
2022,12,17,5.022222222222222,-3.1333333333333337,57.4,W,24.33328128,0.0,Mostly Cloudy,"New York City, NY",3
2022,12,18,2.651515151515152,-6.641414141414141,50.90909090909091,WNW,22.31136,0.0,Mostly Cloudy,"New York City, NY",3
2022,12,19,1.5909090909090926,-7.222222222222222,52.36363636363637,WNW,26.407872000000005,0.0,Fair,"New York City, NY",3
2022,12,20,1.8686868686868705,-7.12121212121212,52.09090909090909,NW,19.092672,0.0,Fair,"New York City, NY",3
2022,12,21,1.5404040404040407,-6.8434343434343425,54.95454545454545,N,7.461504000000001,0.0,Mostly Cloudy,"New York City, NY",3
2022,12,22,5.7026143790849675,2.4183006535947706,79.55882352941177,ENE,23.666823529411765,0.0029411764705882353,Cloudy,"New York City, NY",3
2022,12,23,6.81111111111111,3.0777777777777775,78.0,S,37.24022016000001,0.038000000000000006,Light Rain,"New York City, NY",3
2022,12,24,-11.237373737373737,-21.79292929292929,42.59090909090909,W,31.016448000000004,0.0,Fair,"New York City, NY",3
2022,12,25,-5.6313131313131315,-15.782828282828284,45.77272727272727,W,26.407872000000005,0.0,Fair,"New York City, NY",3
2022,12,26,-3.863636363636363,-14.419191919191917,45.04545454545455,W,18.507456,0.0,Fair,"New York City, NY",3
2022,12,27,0.05050505050505194,-10.656565656565656,45.13636363636363,W,16.386048000000002,0.0,Mostly Cloudy,"New York City, NY",3
2022,12,28,4.747474747474748,-6.338383838383838,46.0,SW,12.947904,0.0,Mostly Cloudy,"New York City, NY",3
2022,12,29,6.994949494949497,-3.6616161616161613,47.36363636363637,SSW,12.655296,0.0,Mostly Cloudy,"New York City, NY",3
2022,12,30,9.595959595959597,0.45454545454545564,54.27272727272727,S,9.144,0.0,Partly Cloudy,"New York City, NY",3
2022,12,31,1.8686868686868705,-7.12121212121212,52.09090909090909,NW,19.092672,0.0,Fair,"New York City, NY",3
2023,1,1,10.995370370370368,3.8657407407407423,62.916666666666664,NW,15.154656,0.0,Fair,"New York City, NY",3
2023,1,2,11.352657004830917,3.8647342995169094,60.52173913043478,WNW,10.005921391304348,0.0,Mostly Cloudy,"New York City, NY",3
2023,1,3,9.488304093567253,7.529239766081872,87.21052631578948,NE,8.936094315789473,0.023684210526315787,Cloudy,"New York City, NY",3
2023,1,4,12.309027777777779,9.149305555555555,81.53125,NE,13.226796,0.0,Cloudy,"New York City, NY",3
2023,1,5,7.548309178743962,6.183574879227053,91.28260869565217,NE,11.510308173913044,0.0,Cloudy,"New York City, NY",3
2023,1,6,6.4559386973180075,2.988505747126437,79.48275862068965,WNW,12.874752,0.013793103448275864,Mostly Cloudy,"New York City, NY",3
2023,1,7,5.126262626262626,-2.5,58.5,WNW,18.800064000000003,0.0,Mostly Cloudy,"New York City, NY",3
2023,1,8,3.0303030303030294,-6.085858585858585,52.22727272727273,NW,13.240512,0.0,Mostly Cloudy,"New York City, NY",3
2023,1,9,4.513888888888889,-2.5925925925925934,61.833333333333336,NW,15.422880000000003,0.0,Fair,"New York City, NY",3
2023,1,10,4.545454545454544,-4.116161616161616,53.77272727272727,WNW,13.898880000000002,0.0,Cloudy,"New York City, NY",3
2023,1,11,2.7525252525252517,-5.732323232323231,54.27272727272727,NE,15.654528,0.0,Mostly Cloudy,"New York City, NY",3
2023,1,12,8.152777777777777,5.125000000000001,81.55,NE,20.0363328,0.01,Cloudy,"New York City, NY",3
2023,1,13,9.074074074074076,4.629629629629631,74.55555555555556,S,21.68144,0.002777777777777778,Cloudy,"New York City, NY",3
2023,1,14,0.7070707070707074,-5.471380471380471,63.696969696969695,N,30.089856,0.0,Light Snow,"New York City, NY",3
2023,1,15,1.237373737373737,-8.03030303030303,51.81818181818182,N,34.454592000000005,0.0,Partly Cloudy / Windy,"New York City, NY",3
2023,1,16,3.1565656565656557,-11.060606060606059,36.0,NW,22.457664,0.0,Mostly Cloudy,"New York City, NY",3
2023,1,17,5.942028985507248,-9.516908212560386,33.04347826086956,SSW,9.72603547826087,0.0,Mostly Cloudy,"New York City, NY",3
2023,1,18,8.863636363636363,1.0858585858585852,58.95454545454545,NW,23.189184,0.0,Partly Cloudy,"New York City, NY",3
2023,1,19,5.232558139534882,2.0542635658914716,80.65116279069767,NE,14.558949209302327,0.03953488372093023,Light Rain,"New York City, NY",3
2023,1,20,6.944444444444445,0.7638888888888888,66.5,W,19.245072000000004,0.0,Mostly Cloudy,"New York City, NY",3
2023,1,21,3.787878787878789,-4.57070707070707,55.0,NW,18.288,0.0,Cloudy,"New York City, NY",3
2023,1,22,3.888888888888889,-3.0555555555555554,61.916666666666664,SSW,13.142975999999999,0.016666666666666666,Cloudy,"New York City, NY",3
2023,1,23,3.199233716475097,-0.344827586206896,78.44827586206897,NW,26.026977103448278,0.006896551724137932,Light Rain,"New York City, NY",3
2023,1,24,4.494949494949497,-5.404040404040404,49.18181818181818,W,23.262336,0.0,Mostly Cloudy,"New York City, NY",3
2023,1,25,5.030864197530865,-0.09259259259259325,70.94444444444444,E,21.770848000000004,0.044444444444444446,Light Rain,"New York City, NY",3
2023,1,26,8.333333333333334,0.9325396825396837,61.642857142857146,W,27.818660571428573,0.014285714285714287,Mostly Cloudy,"New York City, NY",3
2023,1,27,4.318181818181818,-5.934343434343436,48.36363636363637,W,14.703552000000002,0.0,Fair,"New York City, NY",3
2023,1,28,7.474747474747474,-5.454545454545453,40.5,SW,17.995392000000002,0.0,Mostly Cloudy,"New York City, NY",3
2023,1,29,8.409090909090907,0.0,56.63636363636363,S,14.118336000000001,0.0,Mostly Cloudy,"New York City, NY",3
2023,1,30,9.191919191919192,1.6161616161616148,59.86363636363637,S,10.460736,0.0,Mostly Cloudy,"New York City, NY",3
2023,1,31,6.944444444444445,0.7638888888888888,66.5,W,19.245072000000004,0.0,Mostly Cloudy,"New York City, NY",3
2023,2,1,-0.370370370370371,-9.814814814814813,52.333333333333336,NNE,14.484096000000001,0.0,Light Snow,"New York City, NY",3
2023,2,2,1.6414141414141408,-12.525252525252526,35.40909090909091,SW,15.069312,0.0,Mostly Cloudy,"New York City, NY",3
2023,2,3,-4.722222222222222,-16.16161616161616,41.5,NW,41.184576,0.0,Partly Cloudy / Windy,"New York City, NY",3
2023,2,4,-9.267676767676768,-21.54040404040404,38.77272727272727,NW,23.628096000000003,0.0,Partly Cloudy,"New York City, NY",3
2023,2,5,3.4595959595959593,-5.808080808080807,52.0,SSW,12.508992000000001,0.0,Mostly Cloudy,"New York City, NY",3
2023,2,6,5.732323232323234,-2.323232323232324,57.90909090909091,N,16.898112,0.0,Mostly Cloudy,"New York City, NY",3
2023,2,7,2.449494949494948,-5.757575757575757,55.81818181818182,N,14.630400000000002,0.0,Mostly Cloudy,"New York City, NY",3
2023,2,8,7.82828282828283,-2.398989898989898,50.77272727272727,NW,15.873984,0.0,Fair,"New York City, NY",3
2023,2,9,8.084291187739462,2.7203065134099607,69.65517241379311,S,13.984644413793106,0.0,Cloudy,"New York City, NY",3
2023,2,10,12.272727272727273,1.287878787878789,50.13636363636363,W,24.50592,0.0,Partly Cloudy,"New York City, NY",3
2023,2,11,5.025252525252526,-7.373737373737375,40.90909090909091,NW,20.628864,0.0,Fair,"New York City, NY",3
2023,2,12,5.984848484848485,-5.555555555555555,44.5,SSW,10.24128,0.0,Cloudy,"New York City, NY",3
2023,2,13,8.933333333333332,-9.244444444444445,29.16,N,18.6683904,0.0,Mostly Cloudy,"New York City, NY",3
2023,2,14,8.686868686868685,-5.404040404040404,38.04545454545455,NW,18.800064000000003,0.0,Fair,"New York City, NY",3
2023,2,15,12.3989898989899,2.1212121212121224,50.22727272727273,S,21.433536,0.0,Mostly Cloudy,"New York City, NY",3
2023,2,16,15.48611111111111,5.763888888888889,54.5,S,11.466576,0.0,Mostly Cloudy,"New York City, NY",3
